WELL,DATE,WWPR,WOPR,WGPR,WBHP,WTHP,WGIR,WWIR,WEFAC,WOPROD,GOR,WLPROD,WWPROD,WOPR_anomaly,WOPR_plateau,WOPR_zero,WWPR_anomaly,WWPR_plateau,WWPR_zero,WGPR_anomaly,WGPR_plateau,WGPR_zero,WOPROD_anomaly,WOPROD_plateau,WOPROD_zero,WLPROD_anomaly,WLPROD_plateau,WLPROD_zero,GOR_anomaly,GOR_plateau,GOR_zero
84,2020-09-23,2.79,276.21,160772.6,131.95,33.32,0,0,1.0,5.7483870967741915,582.06654357192,5.806451612903224,0.05806451612903225,1.0,0.0,0.0,0.0,0.0,0.0,1.0,0.0,0.0,1.0,0.0,0.0,1.0,0.0,0.0,0.0,0.0,0.0
84,2020-09-24,2.68,265.32,160919.3,131.95,33.32,0,0,1.0,5.521748178980228,606.5102517714457,5.577523413111341,0.05577523413111341,1.0,0.0,0.0,0.0,0.0,0.0,1.0,0.0,0.0,1.0,0.0,0.0,1.0,0.0,0.0,0.0,0.0,0.0
84,2020-09-25,2.68,265.32,160919.3,131.95,33.32,0,0,1.0,5.521748178980228,606.5102517714457,5.577523413111341,0.05577523413111341,1.0,1.0,0.0,0.0,1.0,0.0,1.0,1.0,0.0,1.0,1.0,0.0,1.0,1.0,0.0,0.0,1.0,0.0
84,2020-09-26,2.68,265.32,160919.3,132.5,33.32,0,0,1.0,5.585684210526316,606.5102517714457,5.6421052631578945,0.05642105263157895,1.0,1.0,0.0,0.0,1.0,0.0,1.0,1.0,0.0,1.0,0.0,0.0,1.0,0.0,0.0,0.0,1.0,0.0
84,2020-09-27,2.68,265.32,160919.3,132.5,33.32,0,0,1.0,5.585684210526316,606.5102517714457,5.6421052631578945,0.05642105263157895,1.0,1.0,0.0,0.0,1.0,0.0,1.0,1.0,0.0,1.0,1.0,0.0,1.0,1.0,0.0,0.0,1.0,0.0
84,2020-09-28,2.61,258.39,160919.3,132.5,33.32,0,0,1.0,5.43978947368421,622.7768102480746,5.494736842105263,0.05494736842105263,1.0,0.0,0.0,0.0,0.0,0.0,1.0,1.0,0.0,1.0,0.0,0.0,1.0,0.0,0.0,0.0,0.0,0.0
84,2020-09-29,2.61,258.39,160919.3,132.5,33.32,0,0,1.0,5.43978947368421,622.7768102480746,5.494736842105263,0.05494736842105263,1.0,1.0,0.0,0.0,1.0,0.0,1.0,1.0,0.0,1.0,1.0,0.0,1.0,1.0,0.0,0.0,1.0,0.0
84,2020-09-30,2.61,258.39,160919.3,132.5,33.32,0,0,1.0,5.43978947368421,622.7768102480746,5.494736842105263,0.05494736842105263,1.0,1.0,0.0,0.0,1.0,0.0,0.0,1.0,0.0,1.0,1.0,0.0,1.0,1.0,0.0,0.0,1.0,0.0
84,2020-10-01,2.5,247.5,159819.2,132.5,33.32,0,0,1.0,5.2105263157894735,645.7341414141415,5.2631578947368425,0.05263157894736842,1.0,0.0,0.0,0.0,0.0,0.0,1.0,0.0,0.0,1.0,0.0,0.0,1.0,0.0,0.0,1.0,0.0,0.0
84,2020-10-02,2.5,247.5,159819.2,132.5,33.32,0,0,1.0,5.2105263157894735,645.7341414141415,5.2631578947368425,0.05263157894736842,1.0,1.0,0.0,0.0,1.0,0.0,1.0,1.0,0.0,1.0,1.0,0.0,1.0,1.0,0.0,1.0,1.0,0.0
84,2020-10-03,2.5,247.5,159819.2,132.5,33.32,0,0,1.0,5.2105263157894735,645.7341414141415,5.2631578947368425,0.05263157894736842,1.0,1.0,0.0,0.0,1.0,0.0,1.0,1.0,0.0,1.0,1.0,0.0,1.0,1.0,0.0,1.0,1.0,0.0
84,2020-10-04,2.5,247.5,159819.2,132.5,33.32,0,0,1.0,5.2105263157894735,645.7341414141415,5.2631578947368425,0.05263157894736842,1.0,1.0,0.0,0.0,1.0,0.0,1.0,1.0,0.0,1.0,1.0,0.0,1.0,1.0,0.0,1.0,1.0,0.0
84,2020-10-05,2.5,247.5,159819.2,132.5,33.32,0,0,1.0,5.2105263157894735,645.7341414141415,5.2631578947368425,0.05263157894736842,1.0,1.0,0.0,0.0,1.0,0.0,1.0,1.0,0.0,1.0,1.0,0.0,1.0,1.0,0.0,1.0,1.0,0.0
84,2020-10-06,2.5,247.5,159819.2,132.5,33.32,0,0,1.0,5.2105263157894735,645.7341414141415,5.2631578947368425,0.05263157894736842,1.0,1.0,0.0,0.0,1.0,0.0,1.0,1.0,0.0,1.0,1.0,0.0,1.0,1.0,0.0,1.0,1.0,0.0
84,2020-10-07,2.18,215.82,159819.2,132.5,33.32,0,0,1.0,4.543578947368421,740.5208043740155,4.589473684210526,0.045894736842105266,0.0,0.0,0.0,0.0,0.0,0.0,1.0,1.0,0.0,0.0,0.0,0.0,0.0,0.0,0.0,0.0,0.0,0.0
84,2020-10-08,2.22,219.78,157497.5,132.5,33.32,0,0,1.0,4.626947368421052,716.6143416143416,4.673684210526316,0.04673684210526316,1.0,0.0,0.0,0.0,0.0,0.0,0.0,0.0,0.0,0.0,0.0,0.0,0.0,0.0,0.0,0.0,0.0,0.0
84,2020-10-09,2.22,219.78,157497.5,132.5,33.32,0,0,1.0,4.626947368421052,716.6143416143416,4.673684210526316,0.04673684210526316,1.0,1.0,0.0,0.0,1.0,0.0,0.0,1.0,0.0,0.0,1.0,0.0,0.0,1.0,0.0,0.0,1.0,0.0
84,2020-10-10,2.22,219.78,157497.5,132.5,37.24,0,0,1.0,4.626947368421052,716.6143416143416,4.673684210526316,0.04673684210526316,1.0,1.0,0.0,0.0,1.0,0.0,0.0,1.0,0.0,0.0,1.0,0.0,0.0,1.0,0.0,0.0,1.0,0.0
84,2020-10-11,2.15,212.85,157281.5,133.33,37.24,0,0,1.0,4.560745661024214,738.9311721869861,4.606813799014358,0.04606813799014357,0.0,0.0,0.0,0.0,0.0,0.0,0.0,0.0,0.0,0.0,0.0,0.0,0.0,0.0,0.0,0.0,0.0,0.0
84,2020-10-12,2.15,212.85,157281.5,133.33,37.24,0,0,1.0,4.560745661024214,738.9311721869861,4.606813799014358,0.04606813799014357,0.0,1.0,0.0,0.0,1.0,0.0,0.0,1.0,0.0,0.0,1.0,0.0,0.0,1.0,0.0,0.0,1.0,0.0
84,2020-10-13,2.15,212.85,157281.5,133.33,37.24,0,0,1.0,4.560745661024214,738.9311721869861,4.606813799014358,0.04606813799014357,0.0,1.0,0.0,0.0,1.0,0.0,0.0,1.0,0.0,0.0,1.0,0.0,0.0,1.0,0.0,0.0,1.0,0.0
84,2020-10-14,2.07,204.93,150189.5,133.33,37.24,0,0,1.0,4.39104349689308,732.8819596935539,4.435397471609172,0.04435397471609172,0.0,0.0,0.0,0.0,0.0,0.0,1.0,0.0,0.0,0.0,0.0,0.0,0.0,0.0,0.0,0.0,0.0,0.0
84,2020-10-15,2.07,204.93,150189.5,133.33,33.32,0,0,1.0,4.39104349689308,732.8819596935539,4.435397471609172,0.04435397471609172,0.0,1.0,0.0,0.0,1.0,0.0,1.0,1.0,0.0,0.0,1.0,0.0,0.0,1.0,0.0,0.0,1.0,0.0
84,2020-10-16,2.07,204.93,150189.5,133.33,33.32,0,0,1.0,4.39104349689308,732.8819596935539,4.435397471609172,0.04435397471609172,0.0,1.0,0.0,0.0,1.0,0.0,1.0,1.0,0.0,0.0,1.0,0.0,0.0,1.0,0.0,0.0,1.0,0.0
84,2020-10-17,2.07,204.93,150189.5,133.33,33.32,0,0,1.0,4.39104349689308,732.8819596935539,4.435397471609172,0.04435397471609172,0.0,1.0,0.0,0.0,1.0,0.0,1.0,1.0,0.0,0.0,1.0,0.0,0.0,1.0,0.0,0.0,1.0,0.0
84,2020-10-18,2.1,207.9,150189.5,133.33,32.34,0,0,1.0,4.454681808442255,722.4122174122174,4.499678594386117,0.04499678594386117,0.0,0.0,0.0,0.0,0.0,0.0,1.0,1.0,0.0,0.0,0.0,0.0,0.0,0.0,0.0,0.0,0.0,0.0
84,2020-10-19,2.1,207.9,150189.5,133.33,32.34,0,0,1.0,4.454681808442255,722.4122174122174,4.499678594386117,0.04499678594386117,0.0,1.0,0.0,0.0,1.0,0.0,1.0,1.0,0.0,0.0,1.0,0.0,0.0,1.0,0.0,0.0,1.0,0.0
84,2020-10-20,2.1,207.9,150189.5,133.33,32.34,0,0,1.0,4.454681808442255,722.4122174122174,4.499678594386117,0.04499678594386117,0.0,1.0,0.0,0.0,1.0,0.0,1.0,1.0,0.0,0.0,1.0,0.0,0.0,1.0,0.0,0.0,1.0,0.0
84,2020-10-21,2.11,208.89,150189.5,133.33,32.34,0,0,1.0,4.475894578958647,718.9884628273254,4.5211056353117645,0.045211056353117646,1.0,0.0,0.0,0.0,0.0,0.0,1.0,1.0,0.0,0.0,0.0,0.0,0.0,0.0,0.0,1.0,0.0,0.0
84,2020-10-22,2.11,208.89,150189.5,133.33,31.36,0,0,1.0,4.475894578958647,718.9884628273254,4.5211056353117645,0.045211056353117646,1.0,1.0,0.0,0.0,1.0,0.0,1.0,1.0,0.0,0.0,1.0,0.0,0.0,1.0,0.0,1.0,1.0,0.0
84,2020-10-23,2.11,208.89,150189.5,133.33,31.36,0,0,1.0,4.475894578958647,718.9884628273254,4.5211056353117645,0.045211056353117646,1.0,1.0,0.0,0.0,1.0,0.0,1.0,1.0,0.0,0.0,1.0,0.0,0.0,1.0,0.0,1.0,1.0,0.0
84,2020-10-24,2.11,208.89,150189.5,133.33,31.36,0,0,1.0,4.475894578958647,718.9884628273254,4.5211056353117645,0.045211056353117646,1.0,1.0,0.0,0.0,1.0,0.0,1.0,1.0,0.0,0.0,1.0,0.0,0.0,1.0,0.0,1.0,1.0,0.0
84,2020-10-25,2.11,208.89,150189.5,133.33,31.36,0,0,1.0,4.475894578958647,718.9884628273254,4.5211056353117645,0.045211056353117646,1.0,1.0,0.0,0.0,1.0,0.0,1.0,1.0,0.0,0.0,1.0,0.0,0.0,1.0,0.0,1.0,1.0,0.0
84,2020-10-26,2.01,198.99,150189.5,133.33,31.36,0,0,1.0,4.26376687379473,754.759033117242,4.306835226055283,0.04306835226055283,0.0,0.0,0.0,0.0,0.0,0.0,1.0,1.0,0.0,0.0,0.0,0.0,0.0,0.0,0.0,0.0,0.0,0.0
84,2020-10-27,2.05,202.95,158091.0,133.18,31.36,0,0,1.0,4.334686031610423,778.9652623798966,4.378470739000428,0.04378470739000427,1.0,0.0,0.0,0.0,0.0,0.0,1.0,0.0,0.0,0.0,0.0,0.0,0.0,0.0,0.0,1.0,0.0,0.0
84,2020-10-28,2.05,202.95,158091.0,133.18,31.36,0,0,1.0,4.334686031610423,778.9652623798966,4.378470739000428,0.04378470739000427,1.0,1.0,0.0,0.0,1.0,0.0,1.0,1.0,0.0,0.0,1.0,0.0,0.0,1.0,0.0,1.0,1.0,0.0
84,2020-10-29,2.05,202.95,158091.0,133.18,31.36,0,0,1.0,4.334686031610423,778.9652623798966,4.378470739000428,0.04378470739000427,1.0,1.0,0.0,0.0,1.0,0.0,1.0,1.0,0.0,0.0,1.0,0.0,0.0,1.0,0.0,1.0,1.0,0.0
84,2020-10-30,2.05,202.95,158091.0,132.5,31.36,0,0,1.0,4.272631578947368,778.9652623798966,4.315789473684211,0.0431578947368421,1.0,1.0,0.0,0.0,1.0,0.0,1.0,1.0,0.0,0.0,0.0,0.0,0.0,0.0,0.0,1.0,1.0,0.0
84,2020-10-31,2.05,202.95,158091.0,132.5,31.36,0,0,1.0,4.272631578947368,778.9652623798966,4.315789473684211,0.0431578947368421,1.0,1.0,0.0,0.0,1.0,0.0,1.0,1.0,0.0,0.0,1.0,0.0,0.0,1.0,0.0,1.0,1.0,0.0
84,2020-11-01,2.05,202.95,158091.0,132.5,31.36,0,0,1.0,4.272631578947368,778.9652623798966,4.315789473684211,0.0431578947368421,1.0,1.0,0.0,0.0,1.0,0.0,1.0,1.0,0.0,0.0,1.0,0.0,0.0,1.0,0.0,1.0,1.0,0.0
84,2020-11-02,2.11,208.89,174531.6,132.31,30.38,0,0,1.0,4.380163556301111,835.5191727703577,4.424407632627386,0.04424407632627385,1.0,0.0,0.0,0.0,0.0,0.0,1.0,0.0,0.0,0.0,0.0,0.0,0.0,0.0,0.0,1.0,0.0,0.0
84,2020-11-03,2.11,208.89,174531.6,132.31,30.38,0,0,1.0,4.380163556301111,835.5191727703577,4.424407632627386,0.04424407632627385,1.0,1.0,0.0,0.0,1.0,0.0,1.0,1.0,0.0,0.0,1.0,0.0,0.0,1.0,0.0,1.0,1.0,0.0
84,2020-11-04,2.11,208.89,174531.6,132.31,30.38,0,0,1.0,4.380163556301111,835.5191727703577,4.424407632627386,0.04424407632627385,1.0,1.0,0.0,0.0,1.0,0.0,1.0,1.0,0.0,0.0,1.0,0.0,0.0,1.0,0.0,1.0,1.0,0.0
84,2020-11-05,2.11,208.89,174531.6,132.31,30.38,0,0,1.0,4.380163556301111,835.5191727703577,4.424407632627386,0.04424407632627385,1.0,1.0,0.0,0.0,1.0,0.0,1.0,1.0,0.0,0.0,1.0,0.0,0.0,1.0,0.0,1.0,1.0,0.0
84,2020-11-06,2.11,208.89,174531.6,132.38,32.34,0,0,1.0,4.386602267954641,835.5191727703577,4.430911381772364,0.044309113817723636,1.0,1.0,0.0,0.0,1.0,0.0,1.0,1.0,0.0,0.0,0.0,0.0,0.0,0.0,0.0,1.0,1.0,0.0
84,2020-11-07,2.11,208.89,174531.6,132.38,32.34,0,0,1.0,4.386602267954641,835.5191727703577,4.430911381772364,0.044309113817723636,1.0,1.0,0.0,0.0,1.0,0.0,1.0,1.0,0.0,0.0,1.0,0.0,0.0,1.0,0.0,1.0,1.0,0.0
84,2020-11-08,2.06,203.94,174531.6,132.38,32.34,0,0,1.0,4.282654346913061,855.7987643424538,4.325913481730365,0.04325913481730365,0.0,0.0,0.0,0.0,0.0,0.0,1.0,1.0,0.0,0.0,0.0,0.0,0.0,0.0,0.0,0.0,0.0,0.0
84,2020-11-09,2.06,203.94,174531.6,132.38,32.34,0,0,1.0,4.282654346913061,855.7987643424538,4.325913481730365,0.04325913481730365,0.0,1.0,0.0,0.0,1.0,0.0,1.0,1.0,0.0,0.0,1.0,0.0,0.0,1.0,0.0,0.0,1.0,0.0
84,2020-11-10,2.14,211.86,183601.3,132.12,30.38,0,0,1.0,4.424812030075189,866.6161616161615,4.469507101086049,0.04469507101086049,1.0,0.0,0.0,0.0,0.0,0.0,1.0,0.0,0.0,0.0,0.0,0.0,0.0,0.0,0.0,1.0,0.0,0.0
84,2020-11-11,2.14,211.86,183601.3,132.12,30.38,0,0,1.0,4.424812030075189,866.6161616161615,4.469507101086049,0.04469507101086049,1.0,1.0,0.0,0.0,1.0,0.0,1.0,1.0,0.0,0.0,1.0,0.0,0.0,1.0,0.0,1.0,1.0,0.0
84,2020-11-12,2.14,211.86,183601.3,132.12,30.38,0,0,1.0,4.424812030075189,866.6161616161615,4.469507101086049,0.04469507101086049,1.0,1.0,0.0,0.0,1.0,0.0,1.0,1.0,0.0,0.0,1.0,0.0,0.0,1.0,0.0,1.0,1.0,0.0
84,2020-11-13,2.14,211.86,183601.3,132.12,30.38,0,0,1.0,4.424812030075189,866.6161616161615,4.469507101086049,0.04469507101086049,1.0,1.0,0.0,0.0,1.0,0.0,1.0,1.0,0.0,0.0,1.0,0.0,0.0,1.0,0.0,1.0,1.0,0.0
84,2020-11-14,2.14,211.86,183601.3,132.12,30.38,0,0,1.0,4.424812030075189,866.6161616161615,4.469507101086049,0.04469507101086049,1.0,1.0,0.0,0.0,1.0,0.0,1.0,1.0,0.0,0.0,1.0,0.0,0.0,1.0,0.0,1.0,1.0,0.0
84,2020-11-15,1.95,193.05,183601.3,132.12,30.38,0,0,1.0,4.0319548872180455,951.055685055685,4.072681704260652,0.04072681704260652,1.0,0.0,0.0,0.0,0.0,0.0,1.0,1.0,0.0,1.0,0.0,0.0,0.0,0.0,0.0,1.0,0.0,0.0
84,2020-11-16,1.95,193.05,183601.3,132.12,30.38,0,0,1.0,4.0319548872180455,951.055685055685,4.072681704260652,0.04072681704260652,1.0,1.0,0.0,0.0,1.0,0.0,1.0,1.0,0.0,1.0,1.0,0.0,0.0,1.0,0.0,1.0,1.0,0.0
84,2020-11-17,1.95,193.05,183601.3,132.12,30.38,0,0,1.0,4.0319548872180455,951.055685055685,4.072681704260652,0.04072681704260652,1.0,1.0,0.0,0.0,1.0,0.0,1.0,1.0,0.0,1.0,1.0,0.0,0.0,1.0,0.0,1.0,1.0,0.0
84,2020-11-18,1.95,193.05,183601.3,132.12,30.38,0,0,1.0,4.0319548872180455,951.055685055685,4.072681704260652,0.04072681704260652,1.0,1.0,0.0,0.0,1.0,0.0,1.0,1.0,0.0,1.0,1.0,0.0,0.0,1.0,0.0,1.0,1.0,0.0
84,2020-11-19,1.96,194.04,183601.3,132.12,30.38,0,0,1.0,4.052631578947369,946.2033601319315,4.093567251461988,0.04093567251461989,0.0,0.0,0.0,0.0,0.0,0.0,1.0,1.0,0.0,1.0,0.0,0.0,0.0,0.0,0.0,1.0,0.0,0.0
84,2020-11-20,1.96,194.04,183601.3,132.12,30.38,0,0,1.0,4.052631578947369,946.2033601319315,4.093567251461988,0.04093567251461989,0.0,1.0,0.0,0.0,1.0,0.0,1.0,1.0,0.0,1.0,1.0,0.0,0.0,1.0,0.0,1.0,1.0,0.0
84,2020-11-21,1.95,193.05,183601.3,132.12,30.38,0,0,1.0,4.0319548872180455,951.055685055685,4.072681704260652,0.04072681704260652,1.0,0.0,0.0,0.0,0.0,0.0,1.0,1.0,0.0,1.0,0.0,0.0,0.0,0.0,0.0,1.0,0.0,0.0
84,2020-11-22,1.94,192.06,193263.5,132.01,30.38,0,0,1.0,4.002083767451552,1006.2662709569926,4.042508856011668,0.04042508856011668,1.0,0.0,0.0,0.0,0.0,0.0,1.0,0.0,0.0,1.0,0.0,0.0,0.0,0.0,0.0,1.0,0.0,0.0
84,2020-11-23,1.94,192.06,193263.5,132.01,30.38,0,0,1.0,4.002083767451552,1006.2662709569926,4.042508856011668,0.04042508856011668,1.0,1.0,0.0,0.0,1.0,0.0,1.0,1.0,0.0,1.0,1.0,0.0,0.0,1.0,0.0,1.0,1.0,0.0
84,2020-11-24,1.94,192.06,193263.5,132.01,30.38,0,0,1.0,4.002083767451552,1006.2662709569926,4.042508856011668,0.04042508856011668,1.0,1.0,0.0,0.0,1.0,0.0,1.0,1.0,0.0,1.0,1.0,0.0,0.0,1.0,0.0,1.0,1.0,0.0
84,2020-11-25,1.94,192.06,193263.5,132.01,30.38,0,0,1.0,4.002083767451552,1006.2662709569926,4.042508856011668,0.04042508856011668,1.0,1.0,0.0,0.0,1.0,0.0,1.0,1.0,0.0,1.0,1.0,0.0,0.0,1.0,0.0,1.0,1.0,0.0
84,2020-11-26,1.94,192.06,193263.5,132.01,30.38,0,0,1.0,4.002083767451552,1006.2662709569926,4.042508856011668,0.04042508856011668,1.0,1.0,0.0,0.0,1.0,0.0,1.0,1.0,0.0,1.0,1.0,0.0,0.0,1.0,0.0,1.0,1.0,0.0
84,2020-11-27,1.94,192.06,193263.5,132.01,30.38,0,0,1.0,4.002083767451552,1006.2662709569926,4.042508856011668,0.04042508856011668,1.0,1.0,0.0,0.0,1.0,0.0,1.0,1.0,0.0,1.0,1.0,0.0,0.0,1.0,0.0,1.0,1.0,0.0
84,2020-11-28,1.83,181.17,193263.5,132.01,30.38,0,0,1.0,3.7751614919774945,1066.7522216702546,3.813294436340904,0.03813294436340904,0.0,0.0,0.0,0.0,0.0,0.0,1.0,1.0,0.0,1.0,0.0,0.0,0.0,0.0,0.0,1.0,0.0,0.0
84,2020-11-29,1.83,181.17,193263.5,132.01,30.38,0,0,1.0,3.7751614919774945,1066.7522216702546,3.813294436340904,0.03813294436340904,0.0,1.0,0.0,0.0,1.0,0.0,1.0,1.0,0.0,1.0,1.0,0.0,0.0,1.0,0.0,1.0,1.0,0.0
84,2020-11-30,1.83,181.17,193263.5,132.01,30.38,0,0,1.0,3.7751614919774945,1066.7522216702546,3.813294436340904,0.03813294436340904,0.0,1.0,0.0,0.0,1.0,0.0,1.0,1.0,0.0,0.0,1.0,0.0,0.0,1.0,0.0,1.0,1.0,0.0
84,2020-12-01,1.83,181.17,194700.6,132.01,30.38,0,0,1.0,3.7751614919774945,1074.6845504222554,3.813294436340904,0.03813294436340904,0.0,1.0,0.0,0.0,1.0,0.0,0.0,0.0,0.0,0.0,1.0,0.0,0.0,1.0,0.0,1.0,0.0,0.0
84,2020-12-02,4.21,416.79,421896.2,131.92,31.36,0,0,1.0,8.6686772046589,1012.2512536289258,8.756239600665555,0.08756239600665555,0.0,0.0,0.0,0.0,0.0,0.0,0.0,0.0,0.0,0.0,0.0,0.0,0.0,0.0,0.0,1.0,0.0,0.0
84,2020-12-03,4.21,416.79,421896.2,131.92,31.36,0,0,1.0,8.6686772046589,1012.2512536289258,8.756239600665555,0.08756239600665555,0.0,1.0,0.0,0.0,1.0,0.0,0.0,1.0,0.0,0.0,1.0,0.0,0.0,1.0,0.0,1.0,1.0,0.0
84,2020-12-04,4.21,416.79,421896.2,131.92,31.36,0,0,1.0,8.6686772046589,1012.2512536289258,8.756239600665555,0.08756239600665555,0.0,1.0,0.0,0.0,1.0,0.0,0.0,1.0,0.0,0.0,1.0,0.0,0.0,1.0,0.0,1.0,1.0,0.0
84,2020-12-05,4.21,416.79,421896.2,131.92,31.36,0,0,1.0,8.6686772046589,1012.2512536289258,8.756239600665555,0.08756239600665555,0.0,1.0,0.0,0.0,1.0,0.0,0.0,1.0,0.0,0.0,1.0,0.0,0.0,1.0,0.0,1.0,1.0,0.0
84,2020-12-06,4.2,415.8,421269.8,131.92,31.36,0,0,1.0,8.64808652246256,1013.1548821548821,8.735440931780364,0.08735440931780364,1.0,0.0,0.0,0.0,0.0,0.0,1.0,0.0,0.0,0.0,0.0,0.0,0.0,0.0,0.0,1.0,0.0,0.0
84,2020-12-07,4.2,415.8,421269.8,131.86,32.34,0,0,1.0,8.63730785209805,1013.1548821548821,8.724553385957625,0.08724553385957626,1.0,1.0,0.0,0.0,1.0,0.0,1.0,1.0,0.0,0.0,0.0,0.0,1.0,0.0,0.0,1.0,1.0,0.0
84,2020-12-08,4.2,415.8,421269.8,131.86,32.34,0,0,1.0,8.63730785209805,1013.1548821548821,8.724553385957625,0.08724553385957626,1.0,1.0,0.0,0.0,1.0,0.0,1.0,1.0,0.0,0.0,1.0,0.0,1.0,1.0,0.0,1.0,1.0,0.0
84,2020-12-09,4.2,415.8,421269.8,131.86,32.34,0,0,1.0,8.63730785209805,1013.1548821548821,8.724553385957625,0.08724553385957626,1.0,1.0,0.0,0.0,1.0,0.0,1.0,1.0,0.0,0.0,1.0,0.0,1.0,1.0,0.0,1.0,1.0,0.0
84,2020-12-10,4.2,415.8,421269.8,131.86,32.34,0,0,1.0,8.63730785209805,1013.1548821548821,8.724553385957625,0.08724553385957626,1.0,1.0,0.0,0.0,1.0,0.0,1.0,1.0,0.0,0.0,1.0,0.0,1.0,1.0,0.0,1.0,1.0,0.0
84,2020-12-11,4.2,415.8,421269.8,131.86,32.34,0,0,1.0,8.63730785209805,1013.1548821548821,8.724553385957625,0.08724553385957626,1.0,1.0,0.0,0.0,1.0,0.0,1.0,1.0,0.0,0.0,1.0,0.0,1.0,1.0,0.0,0.0,1.0,0.0
84,2020-12-12,4.2,415.8,421269.8,131.86,32.34,0,0,0.86,8.63730785209805,1013.1548821548821,8.724553385957625,0.08724553385957626,1.0,1.0,0.0,0.0,1.0,0.0,1.0,1.0,0.0,0.0,1.0,0.0,1.0,1.0,0.0,1.0,1.0,0.0
84,2020-12-13,4.22,417.78,420214.4,131.86,31.36,0,0,1.0,8.678437889488992,1005.8269902819667,8.76609887827171,0.0876609887827171,1.0,0.0,0.0,0.0,0.0,0.0,1.0,0.0,0.0,0.0,0.0,0.0,1.0,0.0,0.0,1.0,0.0,0.0
84,2020-12-14,4.22,417.78,420214.4,131.86,31.36,0,0,1.0,8.678437889488992,1005.8269902819667,8.76609887827171,0.0876609887827171,1.0,1.0,0.0,0.0,1.0,0.0,1.0,1.0,0.0,0.0,1.0,0.0,1.0,1.0,0.0,1.0,1.0,0.0
84,2020-12-15,4.22,417.78,420214.4,131.86,31.36,0,0,1.0,8.678437889488992,1005.8269902819667,8.76609887827171,0.0876609887827171,1.0,1.0,0.0,0.0,1.0,0.0,1.0,1.0,0.0,0.0,1.0,0.0,1.0,1.0,0.0,1.0,1.0,0.0
84,2020-12-16,4.22,417.78,420214.4,131.86,31.36,0,0,1.0,8.678437889488992,1005.8269902819667,8.76609887827171,0.0876609887827171,1.0,1.0,0.0,0.0,1.0,0.0,1.0,1.0,0.0,0.0,1.0,0.0,1.0,1.0,0.0,1.0,1.0,0.0
84,2020-12-17,4.22,417.78,420214.4,131.86,31.36,0,0,1.0,8.678437889488992,1005.8269902819667,8.76609887827171,0.0876609887827171,1.0,1.0,0.0,0.0,1.0,0.0,1.0,1.0,0.0,0.0,1.0,0.0,1.0,1.0,0.0,1.0,1.0,0.0
84,2020-12-18,4.22,417.78,420214.4,131.86,33.32,0,0,1.0,8.678437889488992,1005.8269902819667,8.76609887827171,0.0876609887827171,1.0,1.0,0.0,0.0,1.0,0.0,1.0,1.0,0.0,0.0,1.0,0.0,1.0,1.0,0.0,1.0,1.0,0.0
84,2020-12-19,4.22,417.78,420214.4,131.86,33.32,0,0,1.0,8.678437889488992,1005.8269902819667,8.76609887827171,0.0876609887827171,1.0,1.0,0.0,0.0,1.0,0.0,1.0,1.0,0.0,0.0,1.0,0.0,1.0,1.0,0.0,1.0,1.0,0.0
84,2020-12-20,4.22,417.78,420214.4,131.86,33.32,0,0,1.0,8.678437889488992,1005.8269902819667,8.76609887827171,0.0876609887827171,1.0,1.0,0.0,0.0,1.0,0.0,1.0,1.0,0.0,0.0,1.0,0.0,0.0,1.0,0.0,1.0,1.0,0.0
84,2020-12-21,4.22,417.78,420214.4,131.86,33.32,0,0,1.0,8.678437889488992,1005.8269902819667,8.76609887827171,0.0876609887827171,1.0,1.0,0.0,0.0,1.0,0.0,1.0,1.0,0.0,0.0,1.0,0.0,0.0,1.0,0.0,1.0,1.0,0.0
84,2020-12-22,4.22,417.78,420214.4,131.86,33.32,0,0,1.0,8.678437889488992,1005.8269902819667,8.76609887827171,0.0876609887827171,1.0,1.0,0.0,0.0,1.0,0.0,1.0,1.0,0.0,0.0,1.0,0.0,0.0,1.0,0.0,1.0,1.0,0.0
84,2020-12-23,4.22,417.78,420214.4,131.86,33.32,0,0,1.0,8.678437889488992,1005.8269902819667,8.76609887827171,0.0876609887827171,1.0,1.0,0.0,0.0,1.0,0.0,1.0,1.0,0.0,0.0,1.0,0.0,0.0,1.0,0.0,1.0,1.0,0.0
84,2020-12-24,4.22,417.78,420214.4,131.86,34.3,0,0,1.0,8.678437889488992,1005.8269902819667,8.76609887827171,0.0876609887827171,1.0,1.0,0.0,0.0,1.0,0.0,1.0,1.0,0.0,0.0,1.0,0.0,0.0,1.0,0.0,1.0,1.0,0.0
84,2020-12-25,4.22,417.78,420214.4,131.86,34.3,0,0,1.0,8.678437889488992,1005.8269902819667,8.76609887827171,0.0876609887827171,1.0,1.0,0.0,0.0,1.0,0.0,1.0,1.0,0.0,0.0,1.0,0.0,0.0,1.0,0.0,1.0,1.0,0.0
84,2020-12-26,4.22,417.78,420214.4,131.86,34.3,0,0,1.0,8.678437889488992,1005.8269902819667,8.76609887827171,0.0876609887827171,1.0,1.0,0.0,0.0,1.0,0.0,1.0,1.0,0.0,0.0,1.0,0.0,0.0,1.0,0.0,1.0,1.0,0.0
84,2020-12-27,4.18,413.82,418878.0,131.61,34.3,0,0,1.0,8.551766893986363,1012.2227055241409,8.638148377764002,0.08638148377764003,1.0,0.0,0.0,0.0,0.0,0.0,1.0,0.0,0.0,0.0,0.0,0.0,0.0,0.0,0.0,1.0,0.0,0.0
84,2020-12-28,4.18,413.82,418878.0,131.61,34.3,0,0,1.0,8.551766893986363,1012.2227055241409,8.638148377764002,0.08638148377764003,1.0,1.0,0.0,0.0,1.0,0.0,1.0,1.0,0.0,0.0,1.0,0.0,0.0,1.0,0.0,1.0,1.0,0.0
84,2020-12-29,4.18,413.82,418878.0,131.61,34.3,0,0,1.0,8.551766893986363,1012.2227055241409,8.638148377764002,0.08638148377764003,1.0,1.0,0.0,0.0,1.0,0.0,1.0,1.0,0.0,0.0,1.0,0.0,0.0,1.0,0.0,0.0,1.0,0.0
84,2020-12-30,4.18,413.82,418878.0,131.61,34.3,0,0,1.0,8.551766893986363,1012.2227055241409,8.638148377764002,0.08638148377764003,1.0,1.0,0.0,0.0,1.0,0.0,1.0,1.0,0.0,0.0,1.0,0.0,0.0,1.0,0.0,0.0,1.0,0.0
84,2020-12-31,4.18,413.82,418878.0,131.61,34.3,0,0,1.0,8.551766893986363,1012.2227055241409,8.638148377764002,0.08638148377764003,1.0,1.0,0.0,0.0,1.0,0.0,1.0,1.0,0.0,0.0,1.0,0.0,0.0,1.0,0.0,1.0,1.0,0.0
84,2021-01-01,4.18,413.82,425971.9,131.61,34.3,0,0,1.0,8.551766893986363,1029.3651829297762,8.638148377764002,0.08638148377764003,1.0,1.0,0.0,0.0,1.0,0.0,0.0,0.0,0.0,0.0,1.0,0.0,0.0,1.0,0.0,0.0,0.0,0.0
84,2021-01-02,4.18,413.82,425971.9,131.61,34.3,0,0,1.0,8.551766893986363,1029.3651829297762,8.638148377764002,0.08638148377764003,1.0,1.0,0.0,0.0,1.0,0.0,0.0,1.0,0.0,0.0,1.0,0.0,0.0,1.0,0.0,0.0,1.0,0.0
84,2021-01-03,4.18,413.82,425971.9,131.61,34.3,0,0,1.0,8.551766893986363,1029.3651829297762,8.638148377764002,0.08638148377764003,1.0,1.0,0.0,0.0,1.0,0.0,0.0,1.0,0.0,0.0,1.0,0.0,0.0,1.0,0.0,0.0,1.0,0.0
84,2021-01-04,3.96,392.04,400677.9,131.32,34.3,0,0,1.0,8.05341002465078,1022.0332108968473,8.134757600657354,0.08134757600657352,1.0,0.0,0.0,0.0,0.0,0.0,1.0,0.0,0.0,0.0,0.0,0.0,1.0,0.0,0.0,1.0,0.0,0.0
84,2021-01-05,3.96,392.04,400677.9,131.32,34.3,0,0,1.0,8.05341002465078,1022.0332108968473,8.134757600657354,0.08134757600657352,1.0,1.0,0.0,0.0,1.0,0.0,1.0,1.0,0.0,0.0,1.0,0.0,1.0,1.0,0.0,1.0,1.0,0.0
84,2021-01-06,3.96,392.04,400677.9,131.32,34.3,0,0,1.0,8.05341002465078,1022.0332108968473,8.134757600657354,0.08134757600657352,1.0,1.0,0.0,0.0,1.0,0.0,1.0,1.0,0.0,0.0,1.0,0.0,1.0,1.0,0.0,1.0,1.0,0.0
84,2021-01-07,3.96,392.04,400677.9,131.32,34.3,0,0,1.0,8.05341002465078,1022.0332108968473,8.134757600657354,0.08134757600657352,1.0,1.0,0.0,0.0,1.0,0.0,1.0,1.0,0.0,0.0,1.0,0.0,1.0,1.0,0.0,1.0,1.0,0.0
84,2021-01-08,3.96,392.04,400677.9,131.32,34.3,0,0,1.0,8.05341002465078,1022.0332108968473,8.134757600657354,0.08134757600657352,1.0,1.0,0.0,0.0,1.0,0.0,1.0,1.0,0.0,0.0,1.0,0.0,1.0,1.0,0.0,1.0,1.0,0.0
84,2021-01-09,3.74,370.26,376123.0,131.32,30.38,0,0,1.0,7.6059983566146245,1015.8348187759952,7.682826622843056,0.07682826622843056,1.0,0.0,0.0,0.0,0.0,0.0,1.0,0.0,0.0,0.0,0.0,0.0,1.0,0.0,0.0,1.0,0.0,0.0
84,2021-01-10,3.74,370.26,376123.0,131.32,30.38,0,0,1.0,7.6059983566146245,1015.8348187759952,7.682826622843056,0.07682826622843056,1.0,1.0,0.0,0.0,1.0,0.0,1.0,1.0,0.0,0.0,1.0,0.0,1.0,1.0,0.0,1.0,1.0,0.0
84,2021-01-11,3.74,370.26,376123.0,131.32,30.38,0,0,1.0,7.6059983566146245,1015.8348187759952,7.682826622843056,0.07682826622843056,1.0,1.0,0.0,0.0,1.0,0.0,1.0,1.0,0.0,0.0,1.0,0.0,1.0,1.0,0.0,0.0,1.0,0.0
84,2021-01-12,3.74,370.26,376123.0,131.32,30.38,0,0,1.0,7.6059983566146245,1015.8348187759952,7.682826622843056,0.07682826622843056,1.0,1.0,0.0,0.0,1.0,0.0,1.0,1.0,0.0,0.0,1.0,0.0,0.0,1.0,0.0,1.0,1.0,0.0
84,2021-01-13,3.74,370.26,376123.0,131.32,30.38,0,0,1.0,7.6059983566146245,1015.8348187759952,7.682826622843056,0.07682826622843056,1.0,1.0,0.0,0.0,1.0,0.0,1.0,1.0,0.0,0.0,1.0,0.0,0.0,1.0,0.0,1.0,1.0,0.0
84,2021-01-14,3.74,370.26,376123.0,131.32,30.38,0,0,1.0,7.6059983566146245,1015.8348187759952,7.682826622843056,0.07682826622843056,1.0,1.0,0.0,0.0,1.0,0.0,1.0,1.0,0.0,0.0,1.0,0.0,0.0,1.0,0.0,1.0,1.0,0.0
84,2021-01-15,3.51,347.49,356417.7,131.32,31.36,0,0,1.0,7.1382497945768275,1025.691962358629,7.210353327855381,0.0721035332785538,1.0,0.0,0.0,0.0,0.0,0.0,1.0,0.0,0.0,0.0,0.0,0.0,0.0,0.0,0.0,1.0,0.0,0.0
84,2021-01-16,3.51,347.49,356417.7,131.32,31.36,0,0,1.0,7.1382497945768275,1025.691962358629,7.210353327855381,0.0721035332785538,1.0,1.0,0.0,0.0,1.0,0.0,1.0,1.0,0.0,0.0,1.0,0.0,0.0,1.0,0.0,1.0,1.0,0.0
84,2021-01-17,3.51,347.49,356417.7,131.32,31.36,0,0,1.0,7.1382497945768275,1025.691962358629,7.210353327855381,0.0721035332785538,1.0,1.0,0.0,0.0,1.0,0.0,1.0,1.0,0.0,0.0,1.0,0.0,0.0,1.0,0.0,1.0,1.0,0.0
84,2021-01-18,3.51,347.49,356417.7,131.32,31.36,0,0,1.0,7.1382497945768275,1025.691962358629,7.210353327855381,0.0721035332785538,1.0,1.0,0.0,0.0,1.0,0.0,1.0,1.0,0.0,0.0,1.0,0.0,0.0,1.0,0.0,1.0,1.0,0.0
84,2021-01-19,3.51,347.49,356417.7,131.32,31.36,0,0,1.0,7.1382497945768275,1025.691962358629,7.210353327855381,0.0721035332785538,1.0,1.0,0.0,0.0,1.0,0.0,1.0,1.0,0.0,0.0,1.0,0.0,0.0,1.0,0.0,1.0,1.0,0.0
84,2021-01-20,3.51,347.49,356417.7,131.32,32.34,0,0,1.0,7.1382497945768275,1025.691962358629,7.210353327855381,0.0721035332785538,1.0,1.0,0.0,0.0,1.0,0.0,1.0,1.0,0.0,0.0,1.0,0.0,0.0,1.0,0.0,1.0,1.0,0.0
84,2021-01-21,3.51,347.49,356417.7,131.32,32.34,0,0,1.0,7.1382497945768275,1025.691962358629,7.210353327855381,0.0721035332785538,1.0,1.0,0.0,0.0,1.0,0.0,1.0,1.0,0.0,0.0,1.0,0.0,0.0,1.0,0.0,1.0,1.0,0.0
84,2021-01-22,3.51,347.49,356417.7,131.32,32.34,0,0,1.0,7.1382497945768275,1025.691962358629,7.210353327855381,0.0721035332785538,1.0,1.0,0.0,0.0,1.0,0.0,1.0,1.0,0.0,0.0,1.0,0.0,0.0,1.0,0.0,1.0,1.0,0.0
84,2021-01-23,3.51,347.49,356417.7,131.32,32.34,0,0,1.0,7.1382497945768275,1025.691962358629,7.210353327855381,0.0721035332785538,1.0,1.0,0.0,0.0,1.0,0.0,1.0,1.0,0.0,0.0,1.0,0.0,0.0,1.0,0.0,1.0,1.0,0.0
84,2021-01-24,3.51,347.49,356417.7,131.32,32.34,0,0,1.0,7.1382497945768275,1025.691962358629,7.210353327855381,0.0721035332785538,1.0,1.0,0.0,0.0,1.0,0.0,1.0,1.0,0.0,0.0,1.0,0.0,0.0,1.0,0.0,1.0,1.0,0.0
84,2021-01-25,3.51,347.49,356417.7,131.32,32.34,0,0,1.0,7.1382497945768275,1025.691962358629,7.210353327855381,0.0721035332785538,1.0,1.0,0.0,0.0,1.0,0.0,1.0,1.0,0.0,0.0,1.0,0.0,0.0,1.0,0.0,1.0,1.0,0.0
84,2021-01-26,3.28,324.72,338701.9,131.52,32.34,0,0,1.0,6.6980198019802,1043.0583271741807,6.765676567656767,0.06765676567656767,0.0,0.0,0.0,0.0,0.0,0.0,0.0,0.0,0.0,0.0,0.0,0.0,0.0,0.0,0.0,1.0,0.0,0.0
84,2021-01-27,3.28,324.72,338701.9,131.52,32.34,0,0,1.0,6.6980198019802,1043.0583271741807,6.765676567656767,0.06765676567656767,0.0,1.0,0.0,0.0,1.0,0.0,0.0,1.0,0.0,0.0,1.0,0.0,0.0,1.0,0.0,1.0,1.0,0.0
84,2021-01-28,3.28,324.72,338701.9,131.52,32.34,0,0,1.0,6.6980198019802,1043.0583271741807,6.765676567656767,0.06765676567656767,0.0,1.0,0.0,0.0,1.0,0.0,0.0,1.0,0.0,0.0,1.0,0.0,0.0,1.0,0.0,1.0,1.0,0.0
84,2021-01-29,3.08,304.92,315815.5,131.52,32.34,0,0,1.0,6.289603960396041,1035.732323232323,6.353135313531355,0.06353135313531355,0.0,0.0,0.0,0.0,0.0,0.0,0.0,0.0,0.0,0.0,0.0,0.0,0.0,0.0,0.0,0.0,0.0,0.0
84,2021-01-30,3.08,304.92,315815.5,132.3,32.34,0,0,1.0,6.392452830188681,1035.732323232323,6.457023060796647,0.06457023060796648,0.0,1.0,0.0,0.0,1.0,0.0,0.0,1.0,0.0,0.0,0.0,0.0,0.0,0.0,0.0,0.0,1.0,0.0
84,2021-01-31,3.08,304.92,315815.5,132.3,32.34,0,0,1.0,6.392452830188681,1035.732323232323,6.457023060796647,0.06457023060796648,0.0,1.0,0.0,0.0,1.0,0.0,0.0,1.0,0.0,0.0,1.0,0.0,0.0,1.0,0.0,0.0,1.0,0.0
84,2021-02-01,3.08,304.92,314036.5,132.3,32.34,0,0,1.0,6.392452830188681,1029.8980060343697,6.457023060796647,0.06457023060796648,0.0,1.0,0.0,0.0,1.0,0.0,0.0,0.0,0.0,0.0,1.0,0.0,0.0,1.0,0.0,0.0,0.0,0.0
84,2021-02-02,2.85,282.15,286682.2,131.52,32.34,0,0,1.0,5.8199257425742585,1016.0630870104555,5.87871287128713,0.058787128712871305,1.0,0.0,0.0,0.0,0.0,0.0,1.0,0.0,0.0,0.0,0.0,0.0,0.0,0.0,0.0,1.0,0.0,0.0
84,2021-02-03,2.85,282.15,286682.2,131.52,32.83,0,0,1.0,5.8199257425742585,1016.0630870104555,5.87871287128713,0.058787128712871305,1.0,1.0,0.0,0.0,1.0,0.0,1.0,1.0,0.0,0.0,1.0,0.0,0.0,1.0,0.0,1.0,1.0,0.0
84,2021-02-04,2.85,282.15,286682.2,131.52,32.83,0,0,1.0,5.8199257425742585,1016.0630870104555,5.87871287128713,0.058787128712871305,1.0,1.0,0.0,0.0,1.0,0.0,1.0,1.0,0.0,0.0,1.0,0.0,0.0,1.0,0.0,1.0,1.0,0.0
84,2021-02-05,2.85,282.15,286682.2,131.52,32.83,0,0,1.0,5.8199257425742585,1016.0630870104555,5.87871287128713,0.058787128712871305,1.0,1.0,0.0,0.0,1.0,0.0,1.0,1.0,0.0,0.0,1.0,0.0,0.0,1.0,0.0,1.0,1.0,0.0
84,2021-02-06,2.85,282.15,286682.2,131.52,32.83,0,0,1.0,5.8199257425742585,1016.0630870104555,5.87871287128713,0.058787128712871305,1.0,1.0,0.0,0.0,1.0,0.0,1.0,1.0,0.0,0.0,1.0,0.0,0.0,1.0,0.0,1.0,1.0,0.0
84,2021-02-07,2.85,282.15,286682.2,131.52,32.83,0,0,1.0,5.8199257425742585,1016.0630870104555,5.87871287128713,0.058787128712871305,1.0,1.0,0.0,0.0,1.0,0.0,1.0,1.0,0.0,0.0,1.0,0.0,0.0,1.0,0.0,1.0,1.0,0.0
84,2021-02-08,2.63,260.37,258903.7,132.3,31.36,0,0,1.0,5.458490566037737,994.368398817068,5.513626834381553,0.05513626834381553,0.0,0.0,0.0,0.0,0.0,0.0,0.0,0.0,0.0,0.0,0.0,0.0,0.0,0.0,0.0,1.0,0.0,0.0
84,2021-02-09,2.63,260.37,258903.7,132.3,31.36,0,0,1.0,5.458490566037737,994.368398817068,5.513626834381553,0.05513626834381553,0.0,1.0,0.0,0.0,1.0,0.0,0.0,1.0,0.0,0.0,1.0,0.0,0.0,1.0,0.0,1.0,1.0,0.0
84,2021-02-10,2.63,260.37,258903.7,132.3,31.36,0,0,1.0,5.458490566037737,994.368398817068,5.513626834381553,0.05513626834381553,0.0,1.0,0.0,0.0,1.0,0.0,0.0,1.0,0.0,0.0,1.0,0.0,0.0,1.0,0.0,1.0,1.0,0.0
84,2021-02-11,2.63,260.37,258903.7,132.3,31.36,0,0,1.0,5.458490566037737,994.368398817068,5.513626834381553,0.05513626834381553,0.0,1.0,0.0,0.0,1.0,0.0,0.0,1.0,0.0,0.0,1.0,0.0,0.0,1.0,0.0,1.0,1.0,0.0
84,2021-02-12,2.5,247.5,249516.8,132.3,31.36,0,0,1.0,5.18867924528302,1008.1486868686868,5.241090146750525,0.05241090146750525,0.0,0.0,0.0,0.0,0.0,0.0,0.0,0.0,0.0,0.0,0.0,0.0,0.0,0.0,0.0,0.0,0.0,0.0
84,2021-02-13,2.5,247.5,249516.8,132.3,31.36,0,0,1.0,5.18867924528302,1008.1486868686868,5.241090146750525,0.05241090146750525,0.0,1.0,0.0,0.0,1.0,0.0,0.0,1.0,0.0,0.0,1.0,0.0,0.0,1.0,0.0,0.0,1.0,0.0
84,2021-02-14,2.5,247.5,249516.8,133.28,31.36,0,0,1.0,5.297517123287672,1008.1486868686868,5.351027397260274,0.05351027397260274,0.0,1.0,0.0,0.0,1.0,0.0,0.0,1.0,0.0,0.0,0.0,0.0,0.0,0.0,0.0,0.0,1.0,0.0
84,2021-02-15,2.39,236.61,242174.5,133.28,31.36,0,0,1.0,5.064426369863014,1023.5176028063057,5.115582191780822,0.05115582191780822,0.0,0.0,0.0,0.0,0.0,0.0,1.0,0.0,0.0,0.0,0.0,0.0,0.0,0.0,0.0,0.0,0.0,0.0
84,2021-02-16,2.39,236.61,242174.5,133.28,31.36,0,0,1.0,5.064426369863014,1023.5176028063057,5.115582191780822,0.05115582191780822,0.0,1.0,0.0,0.0,1.0,0.0,1.0,1.0,0.0,0.0,1.0,0.0,0.0,1.0,0.0,0.0,1.0,0.0
84,2021-02-17,2.39,236.61,242174.5,133.28,31.36,0,0,1.0,5.064426369863014,1023.5176028063057,5.115582191780822,0.05115582191780822,0.0,1.0,0.0,0.0,1.0,0.0,1.0,1.0,0.0,0.0,1.0,0.0,0.0,1.0,0.0,0.0,1.0,0.0
84,2021-02-18,2.39,236.61,242174.5,133.28,31.36,0,0,1.0,5.064426369863014,1023.5176028063057,5.115582191780822,0.05115582191780822,0.0,1.0,0.0,0.0,1.0,0.0,1.0,1.0,0.0,0.0,1.0,0.0,0.0,1.0,0.0,0.0,1.0,0.0
84,2021-02-19,2.3,227.7,242174.5,133.28,31.36,0,0,1.0,4.873715753424658,1063.5682916117698,4.9229452054794525,0.049229452054794516,0.0,0.0,0.0,0.0,0.0,0.0,1.0,1.0,0.0,0.0,0.0,0.0,0.0,0.0,0.0,1.0,0.0,0.0
84,2021-02-20,2.3,227.7,242174.5,133.28,31.36,0,0,1.0,4.873715753424658,1063.5682916117698,4.9229452054794525,0.049229452054794516,0.0,1.0,0.0,0.0,1.0,0.0,1.0,1.0,0.0,0.0,1.0,0.0,0.0,1.0,0.0,1.0,1.0,0.0
84,2021-02-21,2.3,227.7,242174.5,133.28,31.36,0,0,1.0,4.873715753424658,1063.5682916117698,4.9229452054794525,0.049229452054794516,0.0,1.0,0.0,0.0,1.0,0.0,1.0,1.0,0.0,0.0,1.0,0.0,0.0,1.0,0.0,1.0,1.0,0.0
84,2021-02-22,2.18,215.82,229761.1,133.28,31.36,0,0,1.0,4.6194349315068495,1064.5959595959596,4.666095890410959,0.046660958904109595,0.0,0.0,0.0,0.0,0.0,0.0,0.0,0.0,0.0,0.0,0.0,0.0,0.0,0.0,0.0,1.0,0.0,0.0
84,2021-02-23,2.18,215.82,229761.1,133.28,31.36,0,0,1.0,4.6194349315068495,1064.5959595959596,4.666095890410959,0.046660958904109595,0.0,1.0,0.0,0.0,1.0,0.0,0.0,1.0,0.0,0.0,1.0,0.0,0.0,1.0,0.0,1.0,1.0,0.0
84,2021-02-24,2.18,215.82,229761.1,133.28,31.36,0,0,1.0,4.6194349315068495,1064.5959595959596,4.666095890410959,0.046660958904109595,0.0,1.0,0.0,0.0,1.0,0.0,0.0,1.0,0.0,0.0,1.0,0.0,0.0,1.0,0.0,1.0,1.0,0.0
84,2021-02-25,2.18,215.82,229761.1,133.28,31.36,0,0,1.0,4.6194349315068495,1064.5959595959596,4.666095890410959,0.046660958904109595,0.0,1.0,0.0,0.0,1.0,0.0,0.0,1.0,0.0,0.0,1.0,0.0,0.0,1.0,0.0,1.0,1.0,0.0
84,2021-02-26,2.09,206.91,226610.7,133.28,31.36,0,0,1.0,4.428724315068493,1095.2138610990287,4.473458904109589,0.04473458904109589,0.0,0.0,0.0,0.0,0.0,0.0,0.0,0.0,0.0,0.0,0.0,0.0,0.0,0.0,0.0,1.0,0.0,0.0
84,2021-02-27,2.09,206.91,226610.7,133.28,33.32,0,0,1.0,4.428724315068493,1095.2138610990287,4.473458904109589,0.04473458904109589,0.0,1.0,0.0,0.0,1.0,0.0,0.0,1.0,0.0,0.0,1.0,0.0,0.0,1.0,0.0,1.0,1.0,0.0
84,2021-02-28,2.09,206.91,226610.7,133.28,33.32,0,0,1.0,4.428724315068493,1095.2138610990287,4.473458904109589,0.04473458904109589,0.0,1.0,0.0,0.0,1.0,0.0,0.0,1.0,0.0,0.0,1.0,0.0,0.0,1.0,0.0,1.0,1.0,0.0
84,2021-03-01,2.09,206.91,222476.9,133.28,33.32,0,0,1.0,4.428724315068493,1075.2351263834516,4.473458904109589,0.04473458904109589,0.0,1.0,0.0,0.0,1.0,0.0,0.0,0.0,0.0,0.0,1.0,0.0,0.0,1.0,0.0,1.0,0.0,0.0
84,2021-03-02,2.09,206.91,222476.9,133.28,32.34,0,0,1.0,4.428724315068493,1075.2351263834516,4.473458904109589,0.04473458904109589,1.0,1.0,0.0,0.0,1.0,0.0,0.0,1.0,0.0,0.0,1.0,0.0,0.0,1.0,0.0,1.0,1.0,0.0
78,2021-03-20,1.6,158.4,302812.2,114.5,30.38,0,0,1.0,2.418320610687023,1911.6931818181818,2.4427480916030535,0.024427480916030534,0.0,0.0,0.0,0.0,0.0,0.0,1.0,0.0,0.0,0.0,0.0,0.0,0.0,0.0,0.0,1.0,0.0,0.0
78,2021-03-21,1.6,158.4,302812.2,114.5,30.38,0,0,1.0,2.418320610687023,1911.6931818181818,2.4427480916030535,0.024427480916030534,0.0,0.0,0.0,0.0,0.0,0.0,0.0,0.0,0.0,0.0,0.0,0.0,0.0,0.0,0.0,0.0,0.0,0.0
78,2021-03-22,1.6,158.4,302812.2,114.5,30.38,0,0,1.0,2.418320610687023,1911.6931818181818,2.4427480916030535,0.024427480916030534,1.0,1.0,0.0,0.0,1.0,0.0,0.0,1.0,0.0,0.0,1.0,0.0,0.0,1.0,0.0,1.0,1.0,0.0
78,2021-03-23,1.6,158.4,302812.2,114.5,30.38,0,0,1.0,2.418320610687023,1911.6931818181818,2.4427480916030535,0.024427480916030534,1.0,1.0,0.0,0.0,1.0,0.0,0.0,1.0,0.0,0.0,1.0,0.0,0.0,1.0,0.0,1.0,1.0,0.0
78,2021-03-24,1.6,158.4,302812.2,114.5,30.38,0,0,1.0,2.418320610687023,1911.6931818181818,2.4427480916030535,0.024427480916030534,1.0,1.0,0.0,0.0,1.0,0.0,0.0,1.0,0.0,0.0,1.0,0.0,0.0,1.0,0.0,1.0,1.0,0.0
78,2021-03-25,1.69,167.31,306640.3,114.5,30.38,0,0,1.0,2.554351145038168,1832.7673181519335,2.5801526717557253,0.02580152671755725,1.0,0.0,0.0,0.0,0.0,0.0,0.0,0.0,0.0,0.0,0.0,0.0,0.0,0.0,0.0,1.0,0.0,0.0
78,2021-03-26,1.69,167.31,306640.3,114.5,30.38,0,0,1.0,2.554351145038168,1832.7673181519335,2.5801526717557253,0.02580152671755725,1.0,1.0,0.0,0.0,1.0,0.0,0.0,1.0,0.0,0.0,1.0,0.0,0.0,1.0,0.0,1.0,1.0,0.0
78,2021-03-27,1.69,167.31,306640.3,114.5,30.38,0,0,1.0,2.554351145038168,1832.7673181519335,2.5801526717557253,0.02580152671755725,1.0,1.0,0.0,0.0,1.0,0.0,0.0,1.0,0.0,0.0,1.0,0.0,0.0,1.0,0.0,1.0,1.0,0.0
78,2021-03-28,1.6,158.4,307030.4,115.18,30.38,0,0,1.0,2.443690219068189,1938.3232323232323,2.4683739586547366,0.024683739586547366,1.0,0.0,0.0,0.0,0.0,0.0,0.0,0.0,0.0,0.0,0.0,0.0,0.0,0.0,0.0,1.0,0.0,0.0
78,2021-03-29,1.6,158.4,307030.4,115.18,30.38,0,0,1.0,2.443690219068189,1938.3232323232323,2.4683739586547366,0.024683739586547366,1.0,1.0,0.0,0.0,1.0,0.0,0.0,1.0,0.0,0.0,1.0,0.0,0.0,1.0,0.0,1.0,1.0,0.0
78,2021-03-30,1.6,158.4,307030.4,115.18,30.38,0,0,1.0,2.443690219068189,1938.3232323232323,2.4683739586547366,0.024683739586547366,1.0,1.0,0.0,0.0,1.0,0.0,0.0,1.0,0.0,0.0,1.0,0.0,0.0,1.0,0.0,1.0,1.0,0.0
78,2021-03-31,1.6,158.4,307030.4,115.18,30.38,0,0,1.0,2.443690219068189,1938.3232323232323,2.4683739586547366,0.024683739586547366,1.0,1.0,0.0,0.0,1.0,0.0,0.0,1.0,0.0,0.0,1.0,0.0,0.0,1.0,0.0,1.0,1.0,0.0
78,2021-04-01,1.6,158.4,306331.3,115.18,30.38,0,0,1.0,2.443690219068189,1933.9097222222222,2.4683739586547366,0.024683739586547366,1.0,1.0,0.0,0.0,1.0,0.0,1.0,0.0,0.0,0.0,1.0,0.0,0.0,1.0,0.0,1.0,0.0,0.0
78,2021-04-02,1.6,158.4,306331.3,115.18,32.34,0,0,1.0,2.443690219068189,1933.9097222222222,2.4683739586547366,0.024683739586547366,1.0,1.0,0.0,0.0,1.0,0.0,1.0,1.0,0.0,0.0,1.0,0.0,0.0,1.0,0.0,1.0,1.0,0.0
78,2021-04-03,1.6,158.4,306331.3,115.18,32.34,0,0,1.0,2.443690219068189,1933.9097222222222,2.4683739586547366,0.024683739586547366,1.0,1.0,0.0,0.0,1.0,0.0,1.0,1.0,0.0,0.0,1.0,0.0,0.0,1.0,0.0,1.0,1.0,0.0
78,2021-04-04,1.6,158.4,306331.3,115.18,32.34,0,0,1.0,2.443690219068189,1933.9097222222222,2.4683739586547366,0.024683739586547366,1.0,1.0,0.0,0.0,1.0,0.0,1.0,1.0,0.0,0.0,1.0,0.0,0.0,1.0,0.0,1.0,1.0,0.0
78,2021-04-05,1.6,158.4,306331.3,115.18,32.34,0,0,1.0,2.443690219068189,1933.9097222222222,2.4683739586547366,0.024683739586547366,1.0,1.0,0.0,0.0,1.0,0.0,1.0,1.0,0.0,0.0,1.0,0.0,0.0,1.0,0.0,1.0,1.0,0.0
78,2021-04-06,1.6,158.4,306331.3,115.18,32.34,0,0,1.0,2.443690219068189,1933.9097222222222,2.4683739586547366,0.024683739586547366,1.0,1.0,0.0,0.0,1.0,0.0,1.0,1.0,0.0,0.0,1.0,0.0,0.0,1.0,0.0,1.0,1.0,0.0
78,2021-04-07,1.48,146.52,306331.3,115.18,33.32,0,0,1.0,2.2604134526380752,2090.713213213213,2.2832459117556314,0.02283245911755631,1.0,0.0,0.0,0.0,0.0,0.0,1.0,1.0,0.0,0.0,0.0,0.0,0.0,0.0,0.0,1.0,0.0,0.0
78,2021-04-08,1.48,146.52,306331.3,115.6,33.32,0,0,1.0,2.2751552795031054,2090.713213213213,2.2981366459627326,0.022981366459627325,1.0,1.0,0.0,0.0,1.0,0.0,1.0,1.0,0.0,0.0,0.0,0.0,0.0,0.0,0.0,1.0,1.0,0.0
78,2021-04-09,1.48,146.52,306331.3,115.6,33.32,0,0,1.0,2.2751552795031054,2090.713213213213,2.2981366459627326,0.022981366459627325,1.0,1.0,0.0,0.0,1.0,0.0,1.0,1.0,0.0,0.0,1.0,0.0,0.0,1.0,0.0,1.0,1.0,0.0
78,2021-04-10,1.48,146.52,306331.3,115.6,33.32,0,0,1.0,2.2751552795031054,2090.713213213213,2.2981366459627326,0.022981366459627325,1.0,1.0,0.0,0.0,1.0,0.0,1.0,1.0,0.0,0.0,1.0,0.0,0.0,1.0,0.0,1.0,1.0,0.0
78,2021-04-11,1.48,146.52,306331.3,115.6,33.32,0,0,1.0,2.2751552795031054,2090.713213213213,2.2981366459627326,0.022981366459627325,1.0,1.0,0.0,0.0,1.0,0.0,1.0,1.0,0.0,0.0,1.0,0.0,0.0,1.0,0.0,1.0,1.0,0.0
78,2021-04-12,1.48,146.52,306331.3,115.6,33.32,0,0,1.0,2.2751552795031054,2090.713213213213,2.2981366459627326,0.022981366459627325,1.0,1.0,0.0,0.0,1.0,0.0,1.0,1.0,0.0,0.0,1.0,0.0,0.0,1.0,0.0,1.0,1.0,0.0
78,2021-04-13,1.48,146.52,306331.3,115.6,33.32,0,0,1.0,2.2751552795031054,2090.713213213213,2.2981366459627326,0.022981366459627325,1.0,1.0,0.0,0.0,1.0,0.0,1.0,1.0,0.0,0.0,1.0,0.0,0.0,1.0,0.0,1.0,1.0,0.0
78,2021-04-14,1.48,146.52,306331.3,115.6,33.32,0,0,1.0,2.2751552795031054,2090.713213213213,2.2981366459627326,0.022981366459627325,1.0,1.0,0.0,0.0,1.0,0.0,1.0,1.0,0.0,0.0,1.0,0.0,0.0,1.0,0.0,1.0,1.0,0.0
78,2021-04-15,1.41,139.59,312611.8,115.6,33.32,0,0,1.0,2.1675465838509314,2239.499964180815,2.1894409937888195,0.021894409937888194,0.0,0.0,0.0,0.0,0.0,0.0,0.0,0.0,0.0,0.0,0.0,0.0,0.0,0.0,0.0,0.0,0.0,0.0
78,2021-04-16,1.37,135.63,313543.1,115.6,33.32,0,0,1.0,2.1060559006211177,2311.753299417533,2.1273291925465836,0.02127329192546584,0.0,0.0,0.0,0.0,0.0,0.0,1.0,0.0,0.0,0.0,0.0,0.0,0.0,0.0,0.0,1.0,0.0,0.0
78,2021-04-17,1.37,135.63,313543.1,115.6,33.32,0,0,1.0,2.1060559006211177,2311.753299417533,2.1273291925465836,0.02127329192546584,0.0,1.0,0.0,0.0,1.0,0.0,1.0,1.0,0.0,0.0,1.0,0.0,0.0,1.0,0.0,1.0,1.0,0.0
78,2021-04-18,1.37,135.63,313543.1,115.6,33.32,0,0,1.0,2.1060559006211177,2311.753299417533,2.1273291925465836,0.02127329192546584,0.0,1.0,0.0,0.0,1.0,0.0,1.0,1.0,0.0,0.0,1.0,0.0,0.0,1.0,0.0,1.0,1.0,0.0
78,2021-04-19,1.37,135.63,313543.1,115.6,33.32,0,0,1.0,2.1060559006211177,2311.753299417533,2.1273291925465836,0.02127329192546584,0.0,1.0,0.0,0.0,1.0,0.0,1.0,1.0,0.0,0.0,1.0,0.0,0.0,1.0,0.0,1.0,1.0,0.0
78,2021-04-20,1.48,146.52,313543.1,115.6,32.34,0,0,1.0,2.2751552795031054,2139.9337974337973,2.2981366459627326,0.022981366459627325,1.0,0.0,0.0,0.0,0.0,0.0,1.0,1.0,0.0,0.0,0.0,0.0,0.0,0.0,0.0,0.0,0.0,0.0
78,2021-04-21,1.48,146.52,313543.1,115.6,32.34,0,0,1.0,2.2751552795031054,2139.9337974337973,2.2981366459627326,0.022981366459627325,1.0,1.0,0.0,0.0,1.0,0.0,1.0,1.0,0.0,0.0,1.0,0.0,0.0,1.0,0.0,0.0,1.0,0.0
78,2021-04-22,1.48,146.52,313543.1,115.6,32.34,0,0,1.0,2.2751552795031054,2139.9337974337973,2.2981366459627326,0.022981366459627325,1.0,1.0,0.0,0.0,1.0,0.0,1.0,1.0,0.0,0.0,1.0,0.0,0.0,1.0,0.0,0.0,1.0,0.0
78,2021-04-23,1.48,146.52,312243.5,115.6,32.34,0,0,1.0,2.2751552795031054,2131.0640185640186,2.2981366459627326,0.022981366459627325,1.0,1.0,0.0,0.0,1.0,0.0,1.0,0.0,0.0,0.0,1.0,0.0,0.0,1.0,0.0,1.0,0.0,0.0
78,2021-04-24,1.48,146.52,312243.5,115.6,32.34,0,0,1.0,2.2751552795031054,2131.0640185640186,2.2981366459627326,0.022981366459627325,1.0,1.0,0.0,0.0,1.0,0.0,1.0,1.0,0.0,0.0,1.0,0.0,0.0,1.0,0.0,1.0,1.0,0.0
78,2021-04-25,1.48,146.52,312243.5,115.6,31.36,0,0,1.0,2.2751552795031054,2131.0640185640186,2.2981366459627326,0.022981366459627325,1.0,1.0,0.0,0.0,1.0,0.0,1.0,1.0,0.0,0.0,1.0,0.0,0.0,1.0,0.0,1.0,1.0,0.0
78,2021-04-26,1.48,146.52,312243.5,115.6,31.36,0,0,1.0,2.2751552795031054,2131.0640185640186,2.2981366459627326,0.022981366459627325,1.0,1.0,0.0,0.0,1.0,0.0,1.0,1.0,0.0,0.0,1.0,0.0,0.0,1.0,0.0,1.0,1.0,0.0
78,2021-04-27,1.48,146.52,312243.5,115.6,31.36,0,0,1.0,2.2751552795031054,2131.0640185640186,2.2981366459627326,0.022981366459627325,1.0,1.0,0.0,0.0,1.0,0.0,1.0,1.0,0.0,0.0,1.0,0.0,0.0,1.0,0.0,1.0,1.0,0.0
78,2021-04-28,1.42,140.58,312243.5,115.6,31.36,0,0,1.0,2.182919254658385,2221.1089770948925,2.2049689440993787,0.022049689440993787,0.0,0.0,0.0,0.0,0.0,0.0,1.0,1.0,0.0,0.0,0.0,0.0,0.0,0.0,0.0,0.0,0.0,0.0
78,2021-04-29,1.42,140.58,312243.5,115.6,32.34,0,0,1.0,2.182919254658385,2221.1089770948925,2.2049689440993787,0.022049689440993787,0.0,1.0,0.0,0.0,1.0,0.0,1.0,1.0,0.0,0.0,1.0,0.0,0.0,1.0,0.0,0.0,1.0,0.0
78,2021-04-30,1.42,140.58,312243.5,115.6,32.34,0,0,1.0,2.182919254658385,2221.1089770948925,2.2049689440993787,0.022049689440993787,0.0,1.0,0.0,0.0,1.0,0.0,1.0,1.0,0.0,0.0,1.0,0.0,0.0,1.0,0.0,0.0,1.0,0.0
78,2021-05-01,1.34,132.66,317622.4,116.82,31.36,0,0,1.0,2.0997150997150995,2394.2590079903516,2.120924343146565,0.021209243431465654,1.0,0.0,0.0,0.0,0.0,0.0,1.0,0.0,0.0,0.0,0.0,0.0,0.0,0.0,0.0,1.0,0.0,0.0
78,2021-05-02,1.34,132.66,317622.4,116.82,31.36,0,0,1.0,2.0997150997150995,2394.2590079903516,2.120924343146565,0.021209243431465654,1.0,1.0,0.0,0.0,1.0,0.0,1.0,1.0,0.0,0.0,1.0,0.0,0.0,1.0,0.0,1.0,1.0,0.0
78,2021-05-03,1.34,132.66,317622.4,116.82,31.36,0,0,1.0,2.0997150997150995,2394.2590079903516,2.120924343146565,0.021209243431465654,1.0,1.0,0.0,0.0,1.0,0.0,1.0,1.0,0.0,0.0,1.0,0.0,0.0,1.0,0.0,1.0,1.0,0.0
78,2021-05-04,1.34,132.66,317622.4,116.82,31.36,0,0,1.0,2.0997150997150995,2394.2590079903516,2.120924343146565,0.021209243431465654,1.0,1.0,0.0,0.0,1.0,0.0,1.0,1.0,0.0,0.0,1.0,0.0,0.0,1.0,0.0,1.0,1.0,0.0
78,2021-05-05,1.34,132.66,317622.4,116.82,31.36,0,0,1.0,2.0997150997150995,2394.2590079903516,2.120924343146565,0.021209243431465654,1.0,1.0,0.0,0.0,1.0,0.0,1.0,1.0,0.0,0.0,1.0,0.0,0.0,1.0,0.0,1.0,1.0,0.0
78,2021-05-06,1.4,138.6,323361.8,116.82,31.36,0,0,1.0,2.193732193732193,2333.05772005772,2.2158911047799936,0.022158911047799934,1.0,0.0,0.0,0.0,0.0,0.0,1.0,0.0,0.0,0.0,0.0,0.0,0.0,0.0,0.0,1.0,0.0,0.0
78,2021-05-07,1.4,138.6,323361.8,116.82,31.36,0,0,1.0,2.193732193732193,2333.05772005772,2.2158911047799936,0.022158911047799934,1.0,1.0,0.0,0.0,1.0,0.0,1.0,1.0,0.0,0.0,1.0,0.0,0.0,1.0,0.0,1.0,1.0,0.0
78,2021-05-08,1.4,138.6,323361.8,116.82,31.36,0,0,1.0,2.193732193732193,2333.05772005772,2.2158911047799936,0.022158911047799934,1.0,1.0,0.0,0.0,1.0,0.0,1.0,1.0,0.0,0.0,1.0,0.0,0.0,1.0,0.0,1.0,1.0,0.0
78,2021-05-09,1.4,138.6,323361.8,116.82,31.36,0,0,1.0,2.193732193732193,2333.05772005772,2.2158911047799936,0.022158911047799934,1.0,1.0,0.0,0.0,1.0,0.0,1.0,1.0,0.0,0.0,1.0,0.0,0.0,1.0,0.0,1.0,1.0,0.0
78,2021-05-10,1.4,138.6,323361.8,116.82,30.38,0,0,1.0,2.193732193732193,2333.05772005772,2.2158911047799936,0.022158911047799934,1.0,1.0,0.0,0.0,1.0,0.0,1.0,1.0,0.0,0.0,1.0,0.0,0.0,1.0,0.0,1.0,1.0,0.0
78,2021-05-11,1.4,138.6,323361.8,116.82,30.38,0,0,1.0,2.193732193732193,2333.05772005772,2.2158911047799936,0.022158911047799934,1.0,1.0,0.0,0.0,1.0,0.0,1.0,1.0,0.0,0.0,1.0,0.0,0.0,1.0,0.0,1.0,1.0,0.0
78,2021-05-12,1.4,138.6,323361.8,116.82,30.38,0,0,1.0,2.193732193732193,2333.05772005772,2.2158911047799936,0.022158911047799934,1.0,1.0,0.0,0.0,1.0,0.0,1.0,1.0,0.0,0.0,1.0,0.0,0.0,1.0,0.0,1.0,1.0,0.0
78,2021-05-13,1.4,138.6,323361.8,116.82,30.38,0,0,1.0,2.193732193732193,2333.05772005772,2.2158911047799936,0.022158911047799934,1.0,1.0,0.0,0.0,1.0,0.0,1.0,1.0,0.0,0.0,1.0,0.0,0.0,1.0,0.0,1.0,1.0,0.0
78,2021-05-14,1.4,138.6,323361.8,116.82,31.36,0,0,1.0,2.193732193732193,2333.05772005772,2.2158911047799936,0.022158911047799934,1.0,1.0,0.0,0.0,1.0,0.0,1.0,1.0,0.0,0.0,1.0,0.0,0.0,1.0,0.0,1.0,1.0,0.0
78,2021-05-15,1.51,149.49,325465.1,116.82,31.36,0,0,1.0,2.366096866096866,2177.169710348518,2.3899968344412788,0.023899968344412787,0.0,0.0,0.0,0.0,0.0,0.0,1.0,0.0,0.0,0.0,0.0,0.0,0.0,0.0,0.0,0.0,0.0,0.0
78,2021-05-16,1.51,149.49,325465.1,116.82,31.36,0,0,1.0,2.366096866096866,2177.169710348518,2.3899968344412788,0.023899968344412787,1.0,1.0,0.0,0.0,1.0,0.0,1.0,1.0,0.0,0.0,1.0,0.0,0.0,1.0,0.0,0.0,1.0,0.0
78,2021-05-17,1.51,149.49,325465.1,116.82,31.36,0,0,1.0,2.366096866096866,2177.169710348518,2.3899968344412788,0.023899968344412787,1.0,1.0,0.0,0.0,1.0,0.0,1.0,1.0,0.0,0.0,1.0,0.0,0.0,1.0,0.0,0.0,1.0,0.0
78,2021-05-18,1.52,150.48,325465.1,116.82,31.36,0,0,1.0,2.3817663817663814,2162.846225412015,2.40582462804685,0.0240582462804685,0.0,0.0,0.0,0.0,0.0,0.0,1.0,1.0,0.0,0.0,0.0,0.0,0.0,0.0,0.0,0.0,0.0,0.0
78,2021-05-19,1.52,150.48,325465.1,116.82,31.36,0,0,1.0,2.3817663817663814,2162.846225412015,2.40582462804685,0.0240582462804685,0.0,1.0,0.0,0.0,1.0,0.0,1.0,1.0,0.0,0.0,1.0,0.0,0.0,1.0,0.0,0.0,1.0,0.0
78,2021-05-20,1.54,152.46,325465.1,118.38,31.36,0,0,1.0,2.4741966893865626,2134.7573133936767,2.499188575137942,0.024991885751379422,1.0,0.0,0.0,0.0,0.0,0.0,1.0,1.0,0.0,0.0,0.0,0.0,0.0,0.0,0.0,1.0,0.0,0.0
78,2021-05-21,1.54,152.46,325465.1,118.38,31.36,0,0,1.0,2.4741966893865626,2134.7573133936767,2.499188575137942,0.024991885751379422,1.0,1.0,0.0,0.0,1.0,0.0,1.0,1.0,0.0,0.0,1.0,0.0,0.0,1.0,0.0,1.0,1.0,0.0
78,2021-05-22,1.54,152.46,325465.1,118.38,31.36,0,0,1.0,2.4741966893865626,2134.7573133936767,2.499188575137942,0.024991885751379422,1.0,1.0,0.0,0.0,1.0,0.0,1.0,1.0,0.0,0.0,1.0,0.0,0.0,1.0,0.0,1.0,1.0,0.0
78,2021-05-23,1.54,152.46,325465.1,118.38,31.36,0,0,1.0,2.4741966893865626,2134.7573133936767,2.499188575137942,0.024991885751379422,1.0,1.0,0.0,0.0,1.0,0.0,1.0,1.0,0.0,0.0,1.0,0.0,0.0,1.0,0.0,1.0,1.0,0.0
78,2021-05-24,1.54,152.46,325465.1,118.38,31.36,0,0,1.0,2.4741966893865626,2134.7573133936767,2.499188575137942,0.024991885751379422,1.0,1.0,0.0,0.0,1.0,0.0,1.0,1.0,0.0,0.0,1.0,0.0,0.0,1.0,0.0,1.0,1.0,0.0
78,2021-05-25,1.54,152.46,325465.1,118.38,31.36,0,0,1.0,2.4741966893865626,2134.7573133936767,2.499188575137942,0.024991885751379422,1.0,1.0,0.0,0.0,1.0,0.0,1.0,1.0,0.0,0.0,1.0,0.0,0.0,1.0,0.0,1.0,1.0,0.0
78,2021-05-26,1.54,152.46,325465.1,118.38,31.36,0,0,1.0,2.4741966893865626,2134.7573133936767,2.499188575137942,0.024991885751379422,1.0,1.0,0.0,0.0,1.0,0.0,1.0,1.0,0.0,0.0,1.0,0.0,0.0,1.0,0.0,1.0,1.0,0.0
78,2021-05-27,1.54,152.46,325465.1,118.38,31.36,0,0,1.0,2.4741966893865626,2134.7573133936767,2.499188575137942,0.024991885751379422,1.0,1.0,0.0,0.0,1.0,0.0,1.0,1.0,0.0,0.0,1.0,0.0,0.0,1.0,0.0,1.0,1.0,0.0
78,2021-05-28,1.54,152.46,325465.1,118.38,31.36,0,0,1.0,2.4741966893865626,2134.7573133936767,2.499188575137942,0.024991885751379422,1.0,1.0,0.0,0.0,1.0,0.0,1.0,1.0,0.0,0.0,1.0,0.0,0.0,1.0,0.0,1.0,1.0,0.0
78,2021-05-29,1.49,147.51,325465.1,118.38,30.38,0,0,1.0,2.393865628042843,2206.3934648498407,2.4180460889321647,0.02418046088932165,0.0,0.0,0.0,0.0,0.0,0.0,1.0,1.0,0.0,0.0,0.0,0.0,0.0,0.0,0.0,0.0,0.0,0.0
78,2021-05-30,1.54,152.46,325465.1,118.38,30.38,0,0,1.0,2.4741966893865626,2134.7573133936767,2.499188575137942,0.024991885751379422,1.0,0.0,0.0,0.0,0.0,0.0,1.0,1.0,0.0,0.0,0.0,0.0,0.0,0.0,0.0,1.0,0.0,0.0
78,2021-05-31,1.54,152.46,325465.1,118.38,30.38,0,0,1.0,2.4741966893865626,2134.7573133936767,2.499188575137942,0.024991885751379422,1.0,1.0,0.0,0.0,1.0,0.0,1.0,1.0,0.0,0.0,1.0,0.0,0.0,1.0,0.0,1.0,1.0,0.0
78,2021-06-01,1.49,147.51,211875.8,118.38,30.38,0,0,1.0,2.393865628042843,1436.3487221205341,2.4180460889321647,0.02418046088932165,0.0,0.0,0.0,0.0,0.0,0.0,0.0,0.0,0.0,0.0,0.0,0.0,0.0,0.0,0.0,0.0,0.0,0.0
78,2021-06-02,1.51,149.49,212051.7,118.38,30.38,0,0,1.0,2.425998052580331,1418.5009030704396,2.4505030834144756,0.024505030834144757,1.0,0.0,0.0,0.0,0.0,0.0,0.0,0.0,0.0,0.0,0.0,0.0,0.0,0.0,0.0,0.0,0.0,0.0
78,2021-06-03,1.49,147.51,212190.9,118.38,30.38,0,0,1.0,2.393865628042843,1438.4848484848485,2.4180460889321647,0.02418046088932165,0.0,0.0,0.0,0.0,0.0,0.0,0.0,0.0,0.0,0.0,0.0,0.0,0.0,0.0,0.0,0.0,0.0,0.0
78,2021-06-04,1.51,149.49,214676.7,118.38,31.36,0,0,1.0,2.425998052580331,1436.060606060606,2.4505030834144756,0.024505030834144757,1.0,0.0,0.0,0.0,0.0,0.0,0.0,0.0,0.0,0.0,0.0,0.0,0.0,0.0,0.0,0.0,0.0,0.0
78,2021-06-05,1.53,151.47,187237.8,118.38,31.36,0,0,1.0,2.4581304771178187,1236.1378490790255,2.4829600778967866,0.024829600778967866,1.0,0.0,0.0,0.0,0.0,0.0,0.0,0.0,0.0,0.0,0.0,0.0,0.0,0.0,0.0,0.0,0.0,0.0
78,2021-06-06,1.53,151.47,187237.8,118.38,31.36,0,0,1.0,2.4581304771178187,1236.1378490790255,2.4829600778967866,0.024829600778967866,1.0,1.0,0.0,0.0,1.0,0.0,0.0,1.0,0.0,0.0,1.0,0.0,0.0,1.0,0.0,0.0,1.0,0.0
78,2021-06-07,1.47,145.53,200461.8,118.38,31.36,0,0,1.0,2.3617332035053553,1377.4603174603174,2.3855890944498537,0.023855890944498536,0.0,0.0,0.0,0.0,0.0,0.0,0.0,0.0,0.0,0.0,0.0,0.0,0.0,0.0,0.0,0.0,0.0,0.0
78,2021-06-08,1.47,145.53,200461.8,118.38,31.36,0,0,1.0,2.3617332035053553,1377.4603174603174,2.3855890944498537,0.023855890944498536,0.0,1.0,0.0,0.0,1.0,0.0,0.0,1.0,0.0,0.0,1.0,0.0,0.0,1.0,0.0,0.0,1.0,0.0
78,2021-06-09,1.47,145.53,200461.8,118.38,31.36,0,0,1.0,2.3617332035053553,1377.4603174603174,2.3855890944498537,0.023855890944498536,0.0,1.0,0.0,0.0,1.0,0.0,0.0,1.0,0.0,0.0,1.0,0.0,0.0,1.0,0.0,0.0,1.0,0.0
78,2021-06-10,1.53,151.47,219858.5,120.64,32.34,0,0,1.0,2.55171832884097,1451.4986465966858,2.5774932614555257,0.025774932614555258,1.0,0.0,0.0,0.0,0.0,0.0,1.0,0.0,0.0,0.0,0.0,0.0,0.0,0.0,0.0,1.0,0.0,0.0
78,2021-06-11,1.53,151.47,219858.5,120.64,32.34,0,0,1.0,2.55171832884097,1451.4986465966858,2.5774932614555257,0.025774932614555258,0.0,1.0,0.0,0.0,1.0,0.0,1.0,1.0,0.0,0.0,1.0,0.0,0.0,1.0,0.0,1.0,1.0,0.0
78,2021-06-12,1.53,151.47,219858.5,120.64,32.34,0,0,1.0,2.55171832884097,1451.4986465966858,2.5774932614555257,0.025774932614555258,0.0,1.0,0.0,0.0,1.0,0.0,1.0,1.0,0.0,0.0,1.0,0.0,0.0,1.0,0.0,1.0,1.0,0.0
78,2021-06-13,1.53,151.47,219858.5,120.64,32.34,0,0,1.0,2.55171832884097,1451.4986465966858,2.5774932614555257,0.025774932614555258,1.0,1.0,0.0,0.0,1.0,0.0,1.0,1.0,0.0,0.0,1.0,0.0,0.0,1.0,0.0,1.0,1.0,0.0
78,2021-06-14,1.53,151.47,219858.5,120.54,31.85,0,0,1.0,2.547426841574168,1451.4986465966858,2.5731584258324927,0.025731584258324926,1.0,1.0,0.0,0.0,1.0,0.0,1.0,1.0,0.0,0.0,0.0,0.0,0.0,0.0,0.0,1.0,1.0,0.0
78,2021-06-15,1.53,151.47,219858.5,120.54,31.85,0,0,1.0,2.547426841574168,1451.4986465966858,2.5731584258324927,0.025731584258324926,1.0,1.0,0.0,0.0,1.0,0.0,1.0,1.0,0.0,0.0,1.0,0.0,0.0,1.0,0.0,1.0,1.0,0.0
78,2021-06-16,1.53,151.47,219858.5,120.54,31.85,0,0,1.0,2.547426841574168,1451.4986465966858,2.5731584258324927,0.025731584258324926,1.0,1.0,0.0,0.0,1.0,0.0,1.0,1.0,0.0,0.0,1.0,0.0,0.0,1.0,0.0,1.0,1.0,0.0
78,2021-06-17,1.53,151.47,219858.5,120.54,31.85,0,0,1.0,2.547426841574168,1451.4986465966858,2.5731584258324927,0.025731584258324926,1.0,1.0,0.0,0.0,1.0,0.0,1.0,1.0,0.0,0.0,1.0,0.0,0.0,1.0,0.0,1.0,1.0,0.0
78,2021-06-18,1.43,141.57,219858.5,120.54,33.32,0,0,1.0,2.380928355196771,1553.002048456594,2.404978136562395,0.02404978136562395,1.0,0.0,0.0,0.0,0.0,0.0,1.0,1.0,0.0,0.0,0.0,0.0,0.0,0.0,0.0,1.0,0.0,0.0
78,2021-06-19,1.43,141.57,219858.5,120.54,33.32,0,0,1.0,2.380928355196771,1553.002048456594,2.404978136562395,0.02404978136562395,1.0,1.0,0.0,0.0,1.0,0.0,1.0,1.0,0.0,0.0,1.0,0.0,0.0,1.0,0.0,1.0,1.0,0.0
78,2021-06-20,1.43,141.57,219858.5,120.54,33.32,0,0,0.97,2.380928355196771,1553.002048456594,2.404978136562395,0.02404978136562395,1.0,1.0,0.0,0.0,1.0,0.0,1.0,1.0,0.0,0.0,1.0,0.0,0.0,1.0,0.0,1.0,1.0,0.0
78,2021-06-21,1.43,141.57,219858.5,120.54,33.32,0,0,1.0,2.380928355196771,1553.002048456594,2.404978136562395,0.02404978136562395,1.0,1.0,0.0,0.0,1.0,0.0,1.0,1.0,0.0,0.0,1.0,0.0,0.0,1.0,0.0,1.0,1.0,0.0
78,2021-06-22,1.43,141.57,219858.5,120.54,33.32,0,0,1.0,2.380928355196771,1553.002048456594,2.404978136562395,0.02404978136562395,1.0,1.0,0.0,0.0,1.0,0.0,1.0,1.0,0.0,0.0,1.0,0.0,0.0,1.0,0.0,1.0,1.0,0.0
78,2021-06-23,1.51,149.49,190842.8,120.54,33.32,0,0,1.0,2.5141271442986888,1276.6258612616227,2.5395223679784733,0.025395223679784733,1.0,0.0,0.0,0.0,0.0,0.0,0.0,0.0,0.0,0.0,0.0,0.0,0.0,0.0,0.0,0.0,0.0,0.0
78,2021-06-24,1.45,143.55,189572.4,120.54,33.32,0,0,1.0,2.4142280524722506,1320.6018808777428,2.438614194416415,0.024386141944164146,0.0,0.0,0.0,0.0,0.0,0.0,0.0,0.0,0.0,0.0,0.0,0.0,0.0,0.0,0.0,0.0,0.0,0.0
78,2021-06-25,1.46,144.54,190411.0,120.54,33.32,0,0,1.0,2.43087790110999,1317.3585166735852,2.4554322233434243,0.024554322233434244,1.0,0.0,0.0,0.0,0.0,0.0,0.0,0.0,0.0,0.0,0.0,0.0,0.0,0.0,0.0,0.0,0.0,0.0
78,2021-06-26,1.46,144.54,189540.0,120.54,33.32,0,0,1.0,2.43087790110999,1311.3325031133252,2.4554322233434243,0.024554322233434244,0.0,1.0,0.0,0.0,1.0,0.0,0.0,0.0,0.0,0.0,1.0,0.0,0.0,1.0,0.0,0.0,0.0,0.0
78,2021-06-27,1.46,144.54,189540.0,120.54,33.32,0,0,1.0,2.43087790110999,1311.3325031133252,2.4554322233434243,0.024554322233434244,1.0,1.0,0.0,0.0,1.0,0.0,0.0,1.0,0.0,0.0,1.0,0.0,0.0,1.0,0.0,0.0,1.0,0.0
78,2021-06-28,1.46,144.54,189540.0,120.54,33.32,0,0,1.0,2.43087790110999,1311.3325031133252,2.4554322233434243,0.024554322233434244,1.0,1.0,0.0,0.0,1.0,0.0,0.0,1.0,0.0,0.0,1.0,0.0,0.0,1.0,0.0,0.0,1.0,0.0
78,2021-06-29,1.46,144.54,189540.0,120.54,33.32,0,0,1.0,2.43087790110999,1311.3325031133252,2.4554322233434243,0.024554322233434244,1.0,1.0,0.0,0.0,1.0,0.0,0.0,1.0,0.0,0.0,1.0,0.0,0.0,1.0,0.0,0.0,1.0,0.0
78,2021-06-30,1.46,144.54,199935.1,120.54,33.32,0,0,1.0,2.43087790110999,1383.2510031825102,2.4554322233434243,0.024554322233434244,1.0,1.0,0.0,0.0,1.0,0.0,0.0,0.0,0.0,0.0,1.0,0.0,0.0,1.0,0.0,0.0,0.0,0.0
78,2021-07-01,1.57,155.43,146042.2,120.54,33.32,0,0,1.0,2.6140262361251265,939.601106607476,2.640430541540532,0.026404305415405317,1.0,0.0,0.0,0.0,0.0,0.0,1.0,0.0,0.0,0.0,0.0,0.0,0.0,0.0,0.0,1.0,0.0,0.0
78,2021-07-02,1.57,155.43,146042.2,120.54,33.32,0,0,1.0,2.6140262361251265,939.601106607476,2.640430541540532,0.026404305415405317,1.0,1.0,0.0,0.0,1.0,0.0,1.0,1.0,0.0,0.0,1.0,0.0,0.0,1.0,0.0,1.0,1.0,0.0
78,2021-07-03,1.57,155.43,146042.2,120.54,32.34,0,0,1.0,2.6140262361251265,939.601106607476,2.640430541540532,0.026404305415405317,1.0,1.0,0.0,0.0,1.0,0.0,1.0,1.0,0.0,0.0,1.0,0.0,0.0,1.0,0.0,1.0,1.0,0.0
78,2021-07-04,1.57,155.43,146042.2,120.54,32.34,0,0,1.0,2.6140262361251265,939.601106607476,2.640430541540532,0.026404305415405317,1.0,1.0,0.0,0.0,1.0,0.0,1.0,1.0,0.0,0.0,1.0,0.0,0.0,1.0,0.0,1.0,1.0,0.0
78,2021-07-05,1.57,155.43,146042.2,120.54,32.34,0,0,1.0,2.6140262361251265,939.601106607476,2.640430541540532,0.026404305415405317,1.0,1.0,0.0,0.0,1.0,0.0,1.0,1.0,0.0,0.0,1.0,0.0,0.0,1.0,0.0,1.0,1.0,0.0
78,2021-07-06,1.57,155.43,146042.2,120.54,32.34,0,0,1.0,2.6140262361251265,939.601106607476,2.640430541540532,0.026404305415405317,1.0,1.0,0.0,0.0,1.0,0.0,1.0,1.0,0.0,0.0,1.0,0.0,0.0,1.0,0.0,1.0,1.0,0.0
78,2021-07-07,1.57,155.43,146042.2,120.54,32.34,0,0,1.0,2.6140262361251265,939.601106607476,2.640430541540532,0.026404305415405317,1.0,1.0,0.0,0.0,1.0,0.0,1.0,1.0,0.0,0.0,1.0,0.0,0.0,1.0,0.0,1.0,1.0,0.0
78,2021-07-08,1.41,139.59,228388.2,120.54,32.34,0,0,1.0,2.347628657921292,1636.1358263485924,2.3713420787083757,0.023713420787083755,0.0,0.0,0.0,0.0,0.0,0.0,0.0,0.0,0.0,0.0,0.0,0.0,0.0,0.0,0.0,0.0,0.0,0.0
78,2021-07-09,1.46,144.54,228463.5,122.7,32.34,0,0,1.0,2.5225130890052356,1580.6247405562474,2.5479930191972078,0.02547993019197208,1.0,0.0,0.0,0.0,0.0,0.0,1.0,0.0,0.0,0.0,0.0,0.0,0.0,0.0,0.0,1.0,0.0,0.0
78,2021-07-10,1.46,144.54,228463.5,122.7,32.34,0,0,1.0,2.5225130890052356,1580.6247405562474,2.5479930191972078,0.02547993019197208,1.0,1.0,0.0,0.0,1.0,0.0,1.0,1.0,0.0,0.0,1.0,0.0,0.0,1.0,0.0,1.0,1.0,0.0
78,2021-07-11,1.46,144.54,228463.5,122.7,32.34,0,0,1.0,2.5225130890052356,1580.6247405562474,2.5479930191972078,0.02547993019197208,1.0,1.0,0.0,0.0,1.0,0.0,1.0,1.0,0.0,0.0,1.0,0.0,0.0,1.0,0.0,1.0,1.0,0.0
78,2021-07-12,1.46,144.54,228463.5,122.7,32.34,0,0,1.0,2.5225130890052356,1580.6247405562474,2.5479930191972078,0.02547993019197208,1.0,1.0,0.0,0.0,1.0,0.0,1.0,1.0,0.0,0.0,1.0,0.0,0.0,1.0,0.0,1.0,1.0,0.0
78,2021-07-13,1.46,144.54,228463.5,122.7,32.34,0,0,1.0,2.5225130890052356,1580.6247405562474,2.5479930191972078,0.02547993019197208,1.0,1.0,0.0,0.0,1.0,0.0,1.0,1.0,0.0,0.0,1.0,0.0,0.0,1.0,0.0,1.0,1.0,0.0
78,2021-07-14,1.46,144.54,228463.5,122.7,32.34,0,0,1.0,2.5225130890052356,1580.6247405562474,2.5479930191972078,0.02547993019197208,1.0,1.0,0.0,0.0,1.0,0.0,1.0,1.0,0.0,0.0,1.0,0.0,0.0,1.0,0.0,1.0,1.0,0.0
78,2021-07-15,1.46,144.54,228463.5,122.7,32.34,0,0,1.0,2.5225130890052356,1580.6247405562474,2.5479930191972078,0.02547993019197208,1.0,1.0,0.0,0.0,1.0,0.0,1.0,1.0,0.0,0.0,1.0,0.0,0.0,1.0,0.0,1.0,1.0,0.0
78,2021-07-16,1.23,121.77,328748.3,122.7,32.34,0,0,1.0,2.1251308900523562,2699.7478853576413,2.1465968586387434,0.021465968586387434,1.0,0.0,0.0,0.0,0.0,0.0,0.0,0.0,0.0,0.0,0.0,0.0,0.0,0.0,0.0,0.0,0.0,0.0
78,2021-07-17,1.23,121.77,328748.3,122.7,32.34,0,0,1.0,2.1251308900523562,2699.7478853576413,2.1465968586387434,0.021465968586387434,1.0,1.0,0.0,0.0,1.0,0.0,0.0,1.0,0.0,0.0,1.0,0.0,0.0,1.0,0.0,0.0,1.0,0.0
78,2021-07-18,1.25,123.75,328065.8,122.7,32.34,0,0,1.0,2.1596858638743455,2651.036767676768,2.181500872600349,0.02181500872600349,1.0,0.0,0.0,0.0,0.0,0.0,0.0,0.0,0.0,0.0,0.0,0.0,0.0,0.0,0.0,0.0,0.0,0.0
78,2021-07-19,1.25,123.75,328065.8,122.7,32.34,0,0,1.0,2.1596858638743455,2651.036767676768,2.181500872600349,0.02181500872600349,1.0,1.0,0.0,0.0,1.0,0.0,0.0,1.0,0.0,0.0,1.0,0.0,0.0,1.0,0.0,0.0,1.0,0.0
78,2021-07-20,1.25,123.75,328065.8,122.7,32.34,0,0,0.63,2.1596858638743455,2651.036767676768,2.181500872600349,0.02181500872600349,1.0,1.0,0.0,0.0,1.0,0.0,0.0,1.0,0.0,0.0,1.0,0.0,0.0,1.0,0.0,0.0,1.0,0.0
78,2021-07-21,1.25,123.75,330017.4,122.7,32.34,0,0,1.0,2.1596858638743455,2666.807272727273,2.181500872600349,0.02181500872600349,1.0,1.0,0.0,0.0,1.0,0.0,0.0,0.0,0.0,0.0,1.0,0.0,0.0,1.0,0.0,0.0,0.0,0.0
78,2021-07-22,1.25,123.75,330018.4,122.7,32.34,0,0,1.0,2.1596858638743455,2666.8153535353536,2.181500872600349,0.02181500872600349,1.0,1.0,0.0,0.0,1.0,0.0,1.0,0.0,0.0,0.0,1.0,0.0,0.0,1.0,0.0,0.0,0.0,0.0
78,2021-07-23,1.25,123.75,330018.4,122.7,31.36,0,0,1.0,2.1596858638743455,2666.8153535353536,2.181500872600349,0.02181500872600349,1.0,1.0,0.0,0.0,1.0,0.0,1.0,1.0,0.0,0.0,1.0,0.0,0.0,1.0,0.0,0.0,1.0,0.0
78,2021-07-24,1.4,138.6,330018.4,122.7,31.36,0,0,1.0,2.418848167539267,2381.0851370851374,2.443280977312391,0.02443280977312391,1.0,0.0,0.0,0.0,0.0,0.0,1.0,1.0,0.0,0.0,0.0,0.0,0.0,0.0,0.0,1.0,0.0,0.0
78,2021-07-25,1.4,138.6,330018.4,122.7,31.36,0,0,1.0,2.418848167539267,2381.0851370851374,2.443280977312391,0.02443280977312391,1.0,1.0,0.0,0.0,1.0,0.0,1.0,1.0,0.0,0.0,1.0,0.0,0.0,1.0,0.0,1.0,1.0,0.0
78,2021-07-26,1.4,138.6,330018.4,122.7,31.36,0,0,1.0,2.418848167539267,2381.0851370851374,2.443280977312391,0.02443280977312391,1.0,1.0,0.0,0.0,1.0,0.0,1.0,1.0,0.0,0.0,1.0,0.0,0.0,1.0,0.0,1.0,1.0,0.0
78,2021-07-27,1.4,138.6,330018.4,122.7,31.36,0,0,0.96,2.418848167539267,2381.0851370851374,2.443280977312391,0.02443280977312391,1.0,1.0,0.0,0.0,1.0,0.0,1.0,1.0,0.0,0.0,1.0,0.0,0.0,1.0,0.0,1.0,1.0,0.0
78,2021-07-28,1.4,138.6,330018.4,122.7,33.32,0,0,1.0,2.418848167539267,2381.0851370851374,2.443280977312391,0.02443280977312391,1.0,1.0,0.0,0.0,1.0,0.0,1.0,1.0,0.0,0.0,1.0,0.0,0.0,1.0,0.0,1.0,1.0,0.0
78,2021-07-29,1.4,138.6,330018.4,122.7,33.32,0,0,1.0,2.418848167539267,2381.0851370851374,2.443280977312391,0.02443280977312391,1.0,1.0,0.0,0.0,1.0,0.0,1.0,1.0,0.0,0.0,1.0,0.0,0.0,1.0,0.0,1.0,1.0,0.0
78,2021-07-30,1.32,130.68,358864.8,122.7,33.32,0,0,1.0,2.280628272251309,2746.1340679522496,2.303664921465969,0.02303664921465969,1.0,0.0,0.0,0.0,0.0,0.0,1.0,0.0,0.0,0.0,0.0,0.0,0.0,0.0,0.0,0.0,0.0,0.0
78,2021-07-31,1.32,130.68,358864.8,122.7,33.32,0,0,1.0,2.280628272251309,2746.1340679522496,2.303664921465969,0.02303664921465969,1.0,1.0,0.0,0.0,1.0,0.0,1.0,1.0,0.0,0.0,1.0,0.0,0.0,1.0,0.0,0.0,1.0,0.0
78,2021-08-01,1.32,130.68,347432.0,122.7,33.32,0,0,1.0,2.280628272251309,2658.647076828895,2.303664921465969,0.02303664921465969,1.0,1.0,0.0,0.0,1.0,0.0,1.0,0.0,0.0,0.0,1.0,0.0,0.0,1.0,0.0,0.0,0.0,0.0
78,2021-08-02,1.32,130.68,349085.7,122.7,33.32,0,0,1.0,2.280628272251309,2671.301652892562,2.303664921465969,0.02303664921465969,1.0,1.0,0.0,0.0,1.0,0.0,1.0,0.0,0.0,0.0,1.0,0.0,0.0,1.0,0.0,0.0,0.0,0.0
78,2021-08-03,1.32,130.68,349085.7,122.7,33.32,0,0,1.0,2.280628272251309,2671.301652892562,2.303664921465969,0.02303664921465969,1.0,1.0,0.0,0.0,1.0,0.0,1.0,1.0,0.0,0.0,1.0,0.0,0.0,1.0,0.0,0.0,1.0,0.0
78,2021-08-04,1.31,129.69,349085.7,122.7,33.32,0,0,1.0,2.263350785340314,2691.693268563498,2.2862129144851657,0.02286212914485166,0.0,0.0,0.0,0.0,0.0,0.0,1.0,1.0,0.0,0.0,0.0,0.0,0.0,0.0,0.0,0.0,0.0,0.0
78,2021-08-05,1.31,129.69,349085.7,122.7,33.32,0,0,0.95,2.263350785340314,2691.693268563498,2.2862129144851657,0.02286212914485166,0.0,1.0,0.0,0.0,1.0,0.0,1.0,1.0,0.0,0.0,1.0,0.0,0.0,1.0,0.0,0.0,1.0,0.0
78,2021-08-06,1.4,138.6,349085.7,122.7,33.32,0,0,1.0,2.418848167539267,2518.6558441558445,2.443280977312391,0.02443280977312391,0.0,0.0,0.0,0.0,0.0,0.0,1.0,1.0,0.0,0.0,0.0,0.0,0.0,0.0,0.0,0.0,0.0,0.0
78,2021-08-07,1.4,138.6,349085.7,122.7,33.32,0,0,1.0,2.418848167539267,2518.6558441558445,2.443280977312391,0.02443280977312391,0.0,1.0,0.0,0.0,1.0,0.0,1.0,1.0,0.0,0.0,1.0,0.0,0.0,1.0,0.0,0.0,1.0,0.0
78,2021-08-08,1.4,138.6,349085.7,122.7,33.32,0,0,1.0,2.418848167539267,2518.6558441558445,2.443280977312391,0.02443280977312391,0.0,1.0,0.0,0.0,1.0,0.0,1.0,1.0,0.0,0.0,1.0,0.0,0.0,1.0,0.0,0.0,1.0,0.0
78,2021-08-09,1.4,138.6,349085.7,122.7,33.32,0,0,1.0,2.418848167539267,2518.6558441558445,2.443280977312391,0.02443280977312391,0.0,1.0,0.0,0.0,1.0,0.0,1.0,1.0,0.0,0.0,1.0,0.0,0.0,1.0,0.0,0.0,1.0,0.0
78,2021-08-10,1.31,129.69,346024.8,122.7,33.32,0,0,1.0,2.263350785340314,2668.091603053435,2.2862129144851657,0.02286212914485166,0.0,0.0,0.0,0.0,0.0,0.0,1.0,0.0,0.0,0.0,0.0,0.0,0.0,0.0,0.0,0.0,0.0,0.0
78,2021-08-11,1.26,124.74,346024.8,122.7,33.32,0,0,1.0,2.1769633507853405,2773.968253968254,2.198952879581152,0.02198952879581152,1.0,0.0,0.0,0.0,0.0,0.0,1.0,1.0,0.0,0.0,0.0,0.0,0.0,0.0,0.0,0.0,0.0,0.0
78,2021-08-12,1.18,116.82,346024.8,122.7,33.32,0,0,1.0,2.0387434554973822,2962.0338983050847,2.05933682373473,0.020593368237347295,1.0,0.0,0.0,1.0,0.0,0.0,1.0,1.0,0.0,1.0,0.0,0.0,1.0,0.0,0.0,0.0,0.0,0.0
78,2021-08-13,1.18,116.82,346024.8,122.7,33.32,0,0,1.0,2.0387434554973822,2962.0338983050847,2.05933682373473,0.020593368237347295,1.0,1.0,0.0,1.0,1.0,0.0,1.0,1.0,0.0,1.0,1.0,0.0,1.0,1.0,0.0,0.0,1.0,0.0
78,2021-08-14,1.4,138.6,342429.5,122.7,31.95,0,0,1.0,2.418848167539267,2470.631313131313,2.443280977312391,0.02443280977312391,1.0,0.0,0.0,0.0,0.0,0.0,1.0,0.0,0.0,0.0,0.0,0.0,0.0,0.0,0.0,0.0,0.0,0.0
78,2021-08-15,1.4,138.6,342429.5,122.7,31.95,0,0,1.0,2.418848167539267,2470.631313131313,2.443280977312391,0.02443280977312391,1.0,1.0,0.0,0.0,1.0,0.0,1.0,1.0,0.0,0.0,1.0,0.0,0.0,1.0,0.0,0.0,1.0,0.0
78,2021-08-16,1.4,138.6,342429.5,122.7,31.95,0,0,1.0,2.418848167539267,2470.631313131313,2.443280977312391,0.02443280977312391,1.0,1.0,0.0,0.0,1.0,0.0,1.0,1.0,0.0,0.0,1.0,0.0,0.0,1.0,0.0,0.0,1.0,0.0
78,2021-08-17,1.28,126.72,342429.5,122.7,31.95,0,0,1.0,2.2115183246073298,2702.2529987373737,2.2338568935427574,0.022338568935427575,0.0,0.0,0.0,0.0,0.0,0.0,1.0,1.0,0.0,0.0,0.0,0.0,0.0,0.0,0.0,0.0,0.0,0.0
78,2021-08-18,1.28,126.72,342429.5,122.7,32.34,0,0,1.0,2.2115183246073298,2702.2529987373737,2.2338568935427574,0.022338568935427575,0.0,1.0,0.0,0.0,1.0,0.0,1.0,1.0,0.0,0.0,1.0,0.0,0.0,1.0,0.0,0.0,1.0,0.0
78,2021-08-19,1.29,127.71,342429.5,122.7,32.34,0,0,1.0,2.2287958115183244,2681.305301072743,2.2513089005235605,0.022513089005235604,0.0,0.0,0.0,0.0,0.0,0.0,1.0,1.0,0.0,0.0,0.0,0.0,0.0,0.0,0.0,0.0,0.0,0.0
78,2021-08-20,1.29,127.71,342429.5,122.7,32.34,0,0,1.0,2.2287958115183244,2681.305301072743,2.2513089005235605,0.022513089005235604,0.0,1.0,0.0,0.0,1.0,0.0,1.0,1.0,0.0,0.0,1.0,0.0,0.0,1.0,0.0,0.0,1.0,0.0
78,2021-08-21,1.29,127.71,342429.5,122.7,32.34,0,0,1.0,2.2287958115183244,2681.305301072743,2.2513089005235605,0.022513089005235604,0.0,1.0,0.0,0.0,1.0,0.0,1.0,1.0,0.0,0.0,1.0,0.0,0.0,1.0,0.0,0.0,1.0,0.0
78,2021-08-22,1.29,127.71,342429.5,122.7,32.34,0,0,1.0,2.2287958115183244,2681.305301072743,2.2513089005235605,0.022513089005235604,0.0,1.0,0.0,0.0,1.0,0.0,1.0,1.0,0.0,0.0,1.0,0.0,0.0,1.0,0.0,0.0,1.0,0.0
78,2021-08-23,1.22,120.78,342429.5,122.7,33.32,0,0,1.0,2.107853403141361,2835.1506871998677,2.1291448516579408,0.02129144851657941,0.0,0.0,0.0,0.0,0.0,0.0,1.0,1.0,0.0,0.0,0.0,0.0,0.0,0.0,0.0,0.0,0.0,0.0
78,2021-08-24,1.28,126.72,342429.5,122.7,33.32,0,0,1.0,2.2115183246073298,2702.2529987373737,2.2338568935427574,0.022338568935427575,0.0,0.0,0.0,0.0,0.0,0.0,1.0,1.0,0.0,0.0,0.0,0.0,0.0,0.0,0.0,0.0,0.0,0.0
